[{"model": "admin.logentry", "pk": 1, "fields": {"action_time": "2025-11-23T22:19:55.741Z", "user": 1, "content_type": 15, "object_id": "1", "object_repr": "Impostazioni Generali", "action_flag": 2, "change_message": "[{\"changed\": {\"fields\": [\"Nome Piattaforma\"]}}]"}}, {"model": "admin.logentry", "pk": 2, "fields": {"action_time": "2025-11-24T10:53:30.558Z", "user": 1, "content_type": 15, "object_id": "1", "object_repr": "Impostazioni Generali", "action_flag": 2, "change_message": "[{\"changed\": {\"fields\": [\"Nome Piattaforma\"]}}]"}}, {"model": "admin.logentry", "pk": 3, "fields": {"action_time": "2025-11-24T15:04:20.459Z", "user": 1, "content_type": 15, "object_id": "1", "object_repr": "Impostazioni Generali", "action_flag": 2, "change_message": "[{\"changed\": {\"fields\": [\"Chiave API Google Gemini\", \"Email Service ID\", \"Email Public Key\", \"Email Private Key\", \"Email Template ID (Benvenuto)\", \"Email Reset Template ID\", \"Email Scadenza Template ID (Corso Scaduto)\", \"Email Scadenza Compito ID\"]}}]"}}, {"model": "admin.logentry", "pk": 4, "fields": {"action_time": "2025-11-24T15:05:28.129Z", "user": 1, "content_type": 23, "object_id": "1", "object_repr": "1. Governance e Responsabilità (Accountability)", "action_flag": 1, "change_message": "[{\"added\": {}}]"}}, {"model": "admin.logentry", "pk": 5, "fields": {"action_time": "2025-11-24T15:05:41.251Z", "user": 1, "content_type": 23, "object_id": "2", "object_repr": "2. Mappatura e Registro dei Trattamenti", "action_flag": 1, "change_message": "[{\"added\": {}}]"}}, {"model": "admin.logentry", "pk": 6, "fields": {"action_time": "2025-11-24T15:05:57.344Z", "user": 1, "content_type": 23, "object_id": "3", "object_repr": "3. Basi Giuridiche e Informative", "action_flag": 1, "change_message": "[{\"added\": {}}]"}}, {"model": "admin.logentry", "pk": 7, "fields": {"action_time": "2025-11-24T15:06:16.193Z", "user": 1, "content_type": 23, "object_id": "4", "object_repr": "4. Diritti degli Interessati", "action_flag": 1, "change_message": "[{\"added\": {}}]"}}, {"model": "admin.logentry", "pk": 8, "fields": {"action_time": "2025-11-24T15:06:33.231Z", "user": 1, "content_type": 23, "object_id": "5", "object_repr": "5. Sicurezza e Data Breach", "action_flag": 1, "change_message": "[{\"added\": {}}]"}}, {"model": "admin.logentry", "pk": 9, "fields": {"action_time": "2025-11-24T15:06:51.810Z", "user": 1, "content_type": 23, "object_id": "6", "object_repr": "6. Terze Parti (Responsabili Esterni)", "action_flag": 1, "change_message": "[{\"added\": {}}]"}}, {"model": "admin.logentry", "pk": 10, "fields": {"action_time": "2025-11-24T15:07:07.062Z", "user": 1, "content_type": 23, "object_id": "7", "object_repr": "7. Privacy by Design e DPIA", "action_flag": 1, "change_message": "[{\"added\": {}}]"}}, {"model": "admin.logentry", "pk": 11, "fields": {"action_time": "2025-11-24T15:07:57.239Z", "user": 1, "content_type": 24, "object_id": "1", "object_repr": "1. Governance e Responsabilità (Accountability): L'azienda ha identificato e formalizzato chi è il ...", "action_flag": 1, "change_message": "[{\"added\": {}}]"}}, {"model": "admin.logentry", "pk": 12, "fields": {"action_time": "2025-11-24T15:08:05.483Z", "user": 1, "content_type": 24, "object_id": "2", "object_repr": "1. Governance e Responsabilità (Accountability): È stato nominato un Responsabile della Protezione ...", "action_flag": 1, "change_message": "[{\"added\": {}}]"}}, {"model": "admin.logentry", "pk": 13, "fields": {"action_time": "2025-11-24T15:08:12.823Z", "user": 1, "content_type": 24, "object_id": "3", "object_repr": "1. Governance e Responsabilità (Accountability): Esiste una politica privacy interna (un regolament...", "action_flag": 1, "change_message": "[{\"added\": {}}]"}}, {"model": "admin.logentry", "pk": 14, "fields": {"action_time": "2025-11-24T15:08:22.356Z", "user": 1, "content_type": 24, "object_id": "4", "object_repr": "1. Governance e Responsabilità (Accountability): Tutti i dipendenti e collaboratori che trattano da...", "action_flag": 1, "change_message": "[{\"added\": {}}]"}}, {"model": "admin.logentry", "pk": 15, "fields": {"action_time": "2025-11-24T15:08:40.955Z", "user": 1, "content_type": 24, "object_id": "5", "object_repr": "1. Governance e Responsabilità (Accountability): Sono state distribuite e firmate le \"lettere di au...", "action_flag": 1, "change_message": "[{\"added\": {}}]"}}, {"model": "admin.logentry", "pk": 16, "fields": {"action_time": "2025-11-24T15:08:55.049Z", "user": 1, "content_type": 24, "object_id": "6", "object_repr": "1. Governance e Responsabilità (Accountability): L'azienda documenta le proprie scelte e valutazion...", "action_flag": 1, "change_message": "[{\"added\": {}}]"}}, {"model": "admin.logentry", "pk": 17, "fields": {"action_time": "2025-11-24T15:09:03.718Z", "user": 1, "content_type": 24, "object_id": "7", "object_repr": "2. Mappatura e Registro dei Trattamenti: È stato redatto e viene mantenuto aggiornato il \"R...", "action_flag": 1, "change_message": "[{\"added\": {}}]"}}, {"model": "admin.logentry", "pk": 18, "fields": {"action_time": "2025-11-24T15:09:11.952Z", "user": 1, "content_type": 24, "object_id": "8", "object_repr": "2. Mappatura e Registro dei Trattamenti: Il Registro elenca chiaramente perché i dati vengo...", "action_flag": 1, "change_message": "[{\"added\": {}}]"}}, {"model": "admin.logentry", "pk": 19, "fields": {"action_time": "2025-11-24T15:09:23.902Z", "user": 1, "content_type": 24, "object_id": "9", "object_repr": "2. Mappatura e Registro dei Trattamenti: Il Registro elenca quali categorie di dati vengono...", "action_flag": 1, "change_message": "[{\"added\": {}}]"}}, {"model": "admin.logentry", "pk": 20, "fields": {"action_time": "2025-11-24T15:09:34.599Z", "user": 1, "content_type": 24, "object_id": "10", "object_repr": "2. Mappatura e Registro dei Trattamenti: Il Registro indica per quanto tempo i dati vengono...", "action_flag": 1, "change_message": "[{\"added\": {}}]"}}, {"model": "admin.logentry", "pk": 21, "fields": {"action_time": "2025-11-24T15:09:44.592Z", "user": 1, "content_type": 24, "object_id": "11", "object_repr": "2. Mappatura e Registro dei Trattamenti: Sono stati mappati i flussi di dati (sappiamo dove...", "action_flag": 1, "change_message": "[{\"added\": {}}]"}}, {"model": "admin.logentry", "pk": 22, "fields": {"action_time": "2025-11-24T15:10:02.869Z", "user": 1, "content_type": 24, "object_id": "12", "object_repr": "3. Basi Giuridiche e Informative: Per ogni trattamento nel Registro, è stata identif...", "action_flag": 1, "change_message": "[{\"added\": {}}]"}}, {"model": "admin.logentry", "pk": 23, "fields": {"action_time": "2025-11-24T15:10:12.572Z", "user": 1, "content_type": 24, "object_id": "13", "object_repr": "3. Basi Giuridiche e Informative: L'azienda ha un'informativa privacy (policy) aggio...", "action_flag": 1, "change_message": "[{\"added\": {}}]"}}, {"model": "admin.logentry", "pk": 24, "fields": {"action_time": "2025-11-24T15:10:20.964Z", "user": 1, "content_type": 24, "object_id": "14", "object_repr": "3. Basi Giuridiche e Informative: L'azienda fornisce un'informativa specifica ai pro...", "action_flag": 1, "change_message": "[{\"added\": {}}]"}}, {"model": "admin.logentry", "pk": 25, "fields": {"action_time": "2025-11-24T15:10:30.145Z", "user": 1, "content_type": 24, "object_id": "15", "object_repr": "3. Basi Giuridiche e Informative: L'azienda fornisce un'informativa specifica ai pro...", "action_flag": 1, "change_message": "[{\"added\": {}}]"}}, {"model": "admin.logentry", "pk": 26, "fields": {"action_time": "2025-11-24T15:10:43.104Z", "user": 1, "content_type": 24, "object_id": "16", "object_repr": "3. Basi Giuridiche e Informative: Quando si chiede il consenso (es. per il marketing...", "action_flag": 1, "change_message": "[{\"added\": {}}]"}}, {"model": "admin.logentry", "pk": 27, "fields": {"action_time": "2025-11-24T15:10:55.238Z", "user": 1, "content_type": 24, "object_id": "17", "object_repr": "3. Basi Giuridiche e Informative: Esiste un sistema per registrare e dimostrare il c...", "action_flag": 1, "change_message": "[{\"added\": {}}]"}}, {"model": "admin.logentry", "pk": 28, "fields": {"action_time": "2025-11-24T15:11:09.932Z", "user": 1, "content_type": 24, "object_id": "18", "object_repr": "4. Diritti degli Interessati: Esiste una procedura chiara e un referente interno...", "action_flag": 1, "change_message": "[{\"added\": {}}]"}}, {"model": "admin.logentry", "pk": 29, "fields": {"action_time": "2025-11-24T15:11:20.922Z", "user": 1, "content_type": 24, "object_id": "19", "object_repr": "4. Diritti degli Interessati: L'azienda ha un indirizzo email o un modulo dedica...", "action_flag": 1, "change_message": "[{\"added\": {}}]"}}, {"model": "admin.logentry", "pk": 30, "fields": {"action_time": "2025-11-24T15:11:36.490Z", "user": 1, "content_type": 24, "object_id": "20", "object_repr": "4. Diritti degli Interessati: L'azienda è tecnicamente in grado di trovare tutti...", "action_flag": 1, "change_message": "[{\"added\": {}}]"}}, {"model": "admin.logentry", "pk": 31, "fields": {"action_time": "2025-11-24T15:11:42.889Z", "user": 1, "content_type": 24, "object_id": "21", "object_repr": "4. Diritti degli Interessati: L'azienda è tecnicamente in grado di cancellare (d...", "action_flag": 1, "change_message": "[{\"added\": {}}]"}}, {"model": "admin.logentry", "pk": 32, "fields": {"action_time": "2025-11-24T15:11:52.840Z", "user": 1, "content_type": 24, "object_id": "22", "object_repr": "4. Diritti degli Interessati: L'azienda è in grado di rispondere a una richiesta...", "action_flag": 1, "change_message": "[{\"added\": {}}]"}}, {"model": "admin.logentry", "pk": 33, "fields": {"action_time": "2025-11-24T15:12:04.606Z", "user": 1, "content_type": 24, "object_id": "23", "object_repr": "5. Sicurezza e Data Breach: Esistono misure di sicurezza di base (es. antiviru...", "action_flag": 1, "change_message": "[{\"added\": {}}]"}}, {"model": "admin.logentry", "pk": 34, "fields": {"action_time": "2025-11-24T15:12:14.030Z", "user": 1, "content_type": 24, "object_id": "24", "object_repr": "5. Sicurezza e Data Breach: I dati sensibili o critici sono protetti da critto...", "action_flag": 1, "change_message": "[{\"added\": {}}]"}}, {"model": "admin.logentry", "pk": 35, "fields": {"action_time": "2025-11-24T15:12:26.280Z", "user": 1, "content_type": 24, "object_id": "25", "object_repr": "5. Sicurezza e Data Breach: L'accesso ai dati è limitato solo al personale che...", "action_flag": 1, "change_message": "[{\"added\": {}}]"}}, {"model": "admin.logentry", "pk": 36, "fields": {"action_time": "2025-11-24T15:12:35.925Z", "user": 1, "content_type": 24, "object_id": "26", "object_repr": "5. Sicurezza e Data Breach: Esiste una policy per la gestione delle password (...", "action_flag": 1, "change_message": "[{\"added\": {}}]"}}, {"model": "admin.logentry", "pk": 37, "fields": {"action_time": "2025-11-24T15:12:47.222Z", "user": 1, "content_type": 24, "object_id": "27", "object_repr": "5. Sicurezza e Data Breach: Vengono eseguiti backup regolari dei dati? (Sì/No)...", "action_flag": 1, "change_message": "[{\"added\": {}}]"}}, {"model": "admin.logentry", "pk": 38, "fields": {"action_time": "2025-11-24T15:13:02.184Z", "user": 1, "content_type": 24, "object_id": "28", "object_repr": "5. Sicurezza e Data Breach: Esiste una procedura scritta da seguire in caso di...", "action_flag": 1, "change_message": "[{\"added\": {}}]"}}, {"model": "admin.logentry", "pk": 39, "fields": {"action_time": "2025-11-24T15:13:11.570Z", "user": 1, "content_type": 24, "object_id": "29", "object_repr": "5. Sicurezza e Data Breach: Il personale è stato istruito su come riconoscere ...", "action_flag": 1, "change_message": "[{\"added\": {}}]"}}, {"model": "admin.logentry", "pk": 40, "fields": {"action_time": "2025-11-24T15:13:26.998Z", "user": 1, "content_type": 24, "object_id": "30", "object_repr": "6. Terze Parti (Responsabili Esterni): Esiste un elenco di tutti i fornitori esterni (ter...", "action_flag": 1, "change_message": "[{\"added\": {}}]"}}, {"model": "admin.logentry", "pk": 41, "fields": {"action_time": "2025-11-24T15:13:37.101Z", "user": 1, "content_type": 24, "object_id": "31", "object_repr": "6. Terze Parti (Responsabili Esterni): Per ognuno di questi fornitori, è stato firmato un...", "action_flag": 1, "change_message": "[{\"added\": {}}]"}}, {"model": "admin.logentry", "pk": 42, "fields": {"action_time": "2025-11-24T15:13:49.272Z", "user": 1, "content_type": 24, "object_id": "32", "object_repr": "6. Terze Parti (Responsabili Esterni): L'azienda ha verificato che questi fornitori offra...", "action_flag": 1, "change_message": "[{\"added\": {}}]"}}, {"model": "admin.logentry", "pk": 43, "fields": {"action_time": "2025-11-24T15:13:59.040Z", "user": 1, "content_type": 24, "object_id": "33", "object_repr": "6. Terze Parti (Responsabili Esterni): L'azienda sa se i suoi fornitori (es. servizi clou...", "action_flag": 1, "change_message": "[{\"added\": {}}]"}}, {"model": "admin.logentry", "pk": 44, "fields": {"action_time": "2025-11-24T15:14:14.797Z", "user": 1, "content_type": 24, "object_id": "34", "object_repr": "6. Terze Parti (Responsabili Esterni): Se sì (alla 33), sono state messe in atto le garan...", "action_flag": 1, "change_message": "[{\"added\": {}}]"}}, {"model": "admin.logentry", "pk": 45, "fields": {"action_time": "2025-11-24T15:14:23.588Z", "user": 1, "content_type": 24, "object_id": "35", "object_repr": "7. Privacy by Design e DPIA: Quando si avvia un nuovo progetto (o si acquista u...", "action_flag": 1, "change_message": "[{\"added\": {}}]"}}, {"model": "admin.logentry", "pk": 46, "fields": {"action_time": "2025-11-24T15:14:32.065Z", "user": 1, "content_type": 24, "object_id": "36", "object_repr": "7. Privacy by Design e DPIA: L'azienda applica il principio di \"minimizzazione\"...", "action_flag": 1, "change_message": "[{\"added\": {}}]"}}, {"model": "admin.logentry", "pk": 47, "fields": {"action_time": "2025-11-24T15:14:42.169Z", "user": 1, "content_type": 24, "object_id": "37", "object_repr": "7. Privacy by Design e DPIA: L'azienda adotta impostazioni di default che tutel...", "action_flag": 1, "change_message": "[{\"added\": {}}]"}}, {"model": "admin.logentry", "pk": 48, "fields": {"action_time": "2025-11-24T15:14:52.122Z", "user": 1, "content_type": 24, "object_id": "38", "object_repr": "7. Privacy by Design e DPIA: L'azienda ha valutato se svolge trattamenti a \"ris...", "action_flag": 1, "change_message": "[{\"added\": {}}]"}}, {"model": "admin.logentry", "pk": 49, "fields": {"action_time": "2025-11-24T15:15:22.574Z", "user": 1, "content_type": 24, "object_id": "39", "object_repr": "7. Privacy by Design e DPIA: Se sì (alla 38), è stata condotta una Valutazione ...", "action_flag": 1, "change_message": "[{\"added\": {}}]"}}, {"model": "admin.logentry", "pk": 50, "fields": {"action_time": "2025-11-24T15:15:33.130Z", "user": 1, "content_type": 24, "object_id": "40", "object_repr": "7. Privacy by Design e DPIA: Esiste una procedura per la distruzione sicura dei...", "action_flag": 1, "change_message": "[{\"added\": {}}]"}}, {"model": "admin.logentry", "pk": 51, "fields": {"action_time": "2025-11-24T15:16:23.147Z", "user": 1, "content_type": 24, "object_id": "34", "object_repr": "6. Terze Parti (Responsabili Esterni): Se sì alla precedente, sono state messe in atto le...", "action_flag": 2, "change_message": "[{\"changed\": {\"fields\": [\"Testo della Domanda\"]}}]"}}, {"model": "admin.logentry", "pk": 52, "fields": {"action_time": "2025-11-24T15:16:35.975Z", "user": 1, "content_type": 24, "object_id": "39", "object_repr": "7. Privacy by Design e DPIA: Se sì alla precedente, è stata condotta una Valuta...", "action_flag": 2, "change_message": "[{\"changed\": {\"fields\": [\"Testo della Domanda\"]}}]"}}, {"model": "admin.logentry", "pk": 53, "fields": {"action_time": "2025-11-24T15:17:34.007Z", "user": 1, "content_type": 12, "object_id": "1", "object_repr": "Privacy", "action_flag": 1, "change_message": "[{\"added\": {}}]"}}, {"model": "admin.logentry", "pk": 54, "fields": {"action_time": "2025-11-24T15:21:30.447Z", "user": 1, "content_type": 13, "object_id": "1", "object_repr": "Data Privacy", "action_flag": 1, "change_message": "[{\"added\": {}}, {\"added\": {\"name\": \"modulo\", \"object\": \"Data Privacy - Cosa sono i dati\"}}, {\"added\": {\"name\": \"modulo\", \"object\": \"Data Privacy - Cosa vuol dire trattare un dato\"}}, {\"added\": {\"name\": \"modulo\", \"object\": \"Data Privacy - La sicurezza necessaria in azienda\"}}, {\"added\": {\"name\": \"modulo\", \"object\": \"Data Privacy - Il sistema sanzionatorio\"}}]"}}, {"model": "admin.logentry", "pk": 55, "fields": {"action_time": "2025-11-24T15:22:54.288Z", "user": 1, "content_type": 20, "object_id": "1", "object_repr": "Cosa sono i dati", "action_flag": 1, "change_message": "[{\"added\": {}}]"}}, {"model": "admin.logentry", "pk": 56, "fields": {"action_time": "2025-11-24T15:23:24.397Z", "user": 1, "content_type": 20, "object_id": "2", "object_repr": "Cosa vuol dire trattare un dato", "action_flag": 1, "change_message": "[{\"added\": {}}]"}}, {"model": "admin.logentry", "pk": 57, "fields": {"action_time": "2025-11-24T15:23:45.100Z", "user": 1, "content_type": 20, "object_id": "3", "object_repr": "La sicurezza necessaria in azienda", "action_flag": 1, "change_message": "[{\"added\": {}}]"}}, {"model": "admin.logentry", "pk": 58, "fields": {"action_time": "2025-11-24T15:23:59.997Z", "user": 1, "content_type": 20, "object_id": "4", "object_repr": "Il sistema sanzionatorio", "action_flag": 1, "change_message": "[{\"added\": {}}]"}}, {"model": "admin.logentry", "pk": 59, "fields": {"action_time": "2025-11-24T15:25:21.147Z", "user": 1, "content_type": 19, "object_id": "1", "object_repr": "Quiz: Cosa sono i dati", "action_flag": 1, "change_message": "[{\"added\": {}}, {\"added\": {\"name\": \"domanda\", \"object\": \"Domanda numero 1\"}}, {\"added\": {\"name\": \"domanda\", \"object\": \"domanda numero 2\"}}, {\"added\": {\"name\": \"domanda\", \"object\": \"domanda numero 4\"}}]"}}, {"model": "admin.logentry", "pk": 60, "fields": {"action_time": "2025-11-24T15:26:28.094Z", "user": 1, "content_type": 19, "object_id": "2", "object_repr": "Quiz: Cosa vuol dire trattare un dato", "action_flag": 1, "change_message": "[{\"added\": {}}, {\"added\": {\"name\": \"domanda\", \"object\": \"domanda numero 1\"}}, {\"added\": {\"name\": \"domanda\", \"object\": \"domanda numero 2\"}}, {\"added\": {\"name\": \"domanda\", \"object\": \"domanda numero 3\"}}]"}}, {"model": "admin.logentry", "pk": 61, "fields": {"action_time": "2025-11-24T15:27:10.604Z", "user": 1, "content_type": 19, "object_id": "2", "object_repr": "Quiz: Cosa vuol dire trattare un dato", "action_flag": 2, "change_message": "[{\"added\": {\"name\": \"domanda\", \"object\": \"domanda numero 4\"}}]"}}, {"model": "admin.logentry", "pk": 62, "fields": {"action_time": "2025-11-24T15:27:27.904Z", "user": 1, "content_type": 19, "object_id": "3", "object_repr": "Quiz: La sicurezza necessaria in azienda", "action_flag": 1, "change_message": "[{\"added\": {}}]"}}, {"model": "admin.logentry", "pk": 63, "fields": {"action_time": "2025-11-24T15:28:10.007Z", "user": 1, "content_type": 19, "object_id": "3", "object_repr": "Quiz: La sicurezza necessaria in azienda", "action_flag": 2, "change_message": "[{\"added\": {\"name\": \"domanda\", \"object\": \"domanda numero 1\"}}, {\"added\": {\"name\": \"domanda\", \"object\": \"domanda numero 2\"}}, {\"added\": {\"name\": \"domanda\", \"object\": \"domanda numero 3\"}}, {\"added\": {\"name\": \"domanda\", \"object\": \"domanda numero 4\"}}]"}}, {"model": "admin.logentry", "pk": 64, "fields": {"action_time": "2025-11-24T15:29:12.764Z", "user": 1, "content_type": 19, "object_id": "4", "object_repr": "Quiz: Il sistema sanzionatorio", "action_flag": 1, "change_message": "[{\"added\": {}}, {\"added\": {\"name\": \"domanda\", \"object\": \"domanda numero 1\"}}, {\"added\": {\"name\": \"domanda\", \"object\": \"domanda numero 2\"}}, {\"added\": {\"name\": \"domanda\", \"object\": \"domanda numero 3\"}}, {\"added\": {\"name\": \"domanda\", \"object\": \"domanda numero 4\"}}]"}}, {"model": "admin.logentry", "pk": 65, "fields": {"action_time": "2025-11-24T15:30:05.802Z", "user": 1, "content_type": 14, "object_id": "1", "object_repr": "Domanda numero 1", "action_flag": 2, "change_message": "[{\"added\": {\"name\": \"risposta\", \"object\": \"vera\"}}, {\"added\": {\"name\": \"risposta\", \"object\": \"falsa\"}}]"}}, {"model": "admin.logentry", "pk": 66, "fields": {"action_time": "2025-11-24T15:30:33.400Z", "user": 1, "content_type": 14, "object_id": "4", "object_repr": "domanda numero 1", "action_flag": 2, "change_message": "[{\"added\": {\"name\": \"risposta\", \"object\": \"vera\"}}, {\"added\": {\"name\": \"risposta\", \"object\": \"falsa\"}}]"}}, {"model": "admin.logentry", "pk": 67, "fields": {"action_time": "2025-11-24T15:31:28.083Z", "user": 1, "content_type": 17, "object_id": "1", "object_repr": "Data Privacy - Cosa sono i dati", "action_flag": 2, "change_message": "[]"}}, {"model": "admin.logentry", "pk": 68, "fields": {"action_time": "2025-11-24T15:32:06.460Z", "user": 1, "content_type": 19, "object_id": "1", "object_repr": "Quiz: Cosa sono i dati", "action_flag": 2, "change_message": "[{\"added\": {\"name\": \"domanda\", \"object\": \"domanda numero 4\"}}, {\"changed\": {\"name\": \"domanda\", \"object\": \"domanda numero 1\", \"fields\": [\"Testo Domanda\", \"Ordine\"]}}, {\"changed\": {\"name\": \"domanda\", \"object\": \"Domanda numero 2\", \"fields\": [\"Testo Domanda\", \"Ordine\"]}}, {\"changed\": {\"name\": \"domanda\", \"object\": \"domanda numero 3\", \"fields\": [\"Testo Domanda\", \"Ordine\"]}}]"}}, {"model": "admin.logentry", "pk": 69, "fields": {"action_time": "2025-11-24T15:32:43.696Z", "user": 1, "content_type": 14, "object_id": "3", "object_repr": "domanda numero 1", "action_flag": 2, "change_message": "[{\"added\": {\"name\": \"risposta\", \"object\": \"vera\"}}, {\"added\": {\"name\": \"risposta\", \"object\": \"falsa\"}}]"}}, {"model": "admin.logentry", "pk": 70, "fields": {"action_time": "2025-11-24T15:32:52.340Z", "user": 1, "content_type": 14, "object_id": "1", "object_repr": "Domanda numero 2", "action_flag": 2, "change_message": "[]"}}, {"model": "admin.logentry", "pk": 71, "fields": {"action_time": "2025-11-24T15:33:03.208Z", "user": 1, "content_type": 14, "object_id": "2", "object_repr": "domanda numero 3", "action_flag": 2, "change_message": "[{\"added\": {\"name\": \"risposta\", \"object\": \"vera\"}}, {\"added\": {\"name\": \"risposta\", \"object\": \"falsa\"}}]"}}, {"model": "admin.logentry", "pk": 72, "fields": {"action_time": "2025-11-24T15:33:15.908Z", "user": 1, "content_type": 14, "object_id": "16", "object_repr": "domanda numero 4", "action_flag": 2, "change_message": "[{\"added\": {\"name\": \"risposta\", \"object\": \"vera\"}}, {\"added\": {\"name\": \"risposta\", \"object\": \"falsa\"}}]"}}, {"model": "admin.logentry", "pk": 73, "fields": {"action_time": "2025-11-24T15:33:22.704Z", "user": 1, "content_type": 14, "object_id": "2", "object_repr": "domanda numero 3", "action_flag": 2, "change_message": "[]"}}, {"model": "admin.logentry", "pk": 74, "fields": {"action_time": "2025-11-24T15:33:28.553Z", "user": 1, "content_type": 14, "object_id": "16", "object_repr": "domanda numero 4", "action_flag": 2, "change_message": "[]"}}, {"model": "admin.logentry", "pk": 75, "fields": {"action_time": "2025-11-24T15:33:36.919Z", "user": 1, "content_type": 14, "object_id": "3", "object_repr": "domanda numero 1", "action_flag": 2, "change_message": "[]"}}, {"model": "admin.logentry", "pk": 76, "fields": {"action_time": "2025-11-24T15:34:08.385Z", "user": 1, "content_type": 14, "object_id": "5", "object_repr": "domanda numero 2", "action_flag": 2, "change_message": "[{\"added\": {\"name\": \"risposta\", \"object\": \"vera\"}}, {\"added\": {\"name\": \"risposta\", \"object\": \"falsa\"}}]"}}, {"model": "admin.logentry", "pk": 77, "fields": {"action_time": "2025-11-24T15:34:42.796Z", "user": 1, "content_type": 14, "object_id": "6", "object_repr": "domanda numero 3", "action_flag": 2, "change_message": "[{\"added\": {\"name\": \"risposta\", \"object\": \"vera\"}}, {\"added\": {\"name\": \"risposta\", \"object\": \"falsa\"}}]"}}, {"model": "admin.logentry", "pk": 78, "fields": {"action_time": "2025-11-24T15:34:57.261Z", "user": 1, "content_type": 14, "object_id": "7", "object_repr": "domanda numero 4", "action_flag": 2, "change_message": "[{\"added\": {\"name\": \"risposta\", \"object\": \"vera\"}}, {\"added\": {\"name\": \"risposta\", \"object\": \"falsa\"}}]"}}, {"model": "admin.logentry", "pk": 79, "fields": {"action_time": "2025-11-24T15:35:04.053Z", "user": 1, "content_type": 14, "object_id": "6", "object_repr": "domanda numero 3", "action_flag": 2, "change_message": "[]"}}, {"model": "admin.logentry", "pk": 80, "fields": {"action_time": "2025-11-24T15:35:14.017Z", "user": 1, "content_type": 14, "object_id": "4", "object_repr": "domanda numero 1", "action_flag": 2, "change_message": "[]"}}, {"model": "admin.logentry", "pk": 81, "fields": {"action_time": "2025-11-24T15:35:21.168Z", "user": 1, "content_type": 14, "object_id": "5", "object_repr": "domanda numero 2", "action_flag": 2, "change_message": "[]"}}, {"model": "admin.logentry", "pk": 82, "fields": {"action_time": "2025-11-24T15:35:38.756Z", "user": 1, "content_type": 14, "object_id": "8", "object_repr": "domanda numero 1", "action_flag": 2, "change_message": "[{\"added\": {\"name\": \"risposta\", \"object\": \"vera\"}}, {\"added\": {\"name\": \"risposta\", \"object\": \"falsa\"}}]"}}, {"model": "admin.logentry", "pk": 83, "fields": {"action_time": "2025-11-24T15:35:53.063Z", "user": 1, "content_type": 14, "object_id": "9", "object_repr": "domanda numero 2", "action_flag": 2, "change_message": "[{\"added\": {\"name\": \"risposta\", \"object\": \"vera\"}}, {\"added\": {\"name\": \"risposta\", \"object\": \"falsa\"}}]"}}, {"model": "admin.logentry", "pk": 84, "fields": {"action_time": "2025-11-24T15:36:05.257Z", "user": 1, "content_type": 14, "object_id": "10", "object_repr": "domanda numero 3", "action_flag": 2, "change_message": "[{\"added\": {\"name\": \"risposta\", \"object\": \"vera\"}}, {\"added\": {\"name\": \"risposta\", \"object\": \"falsa\"}}]"}}, {"model": "admin.logentry", "pk": 85, "fields": {"action_time": "2025-11-24T15:36:19.959Z", "user": 1, "content_type": 14, "object_id": "11", "object_repr": "domanda numero 4", "action_flag": 2, "change_message": "[{\"added\": {\"name\": \"risposta\", \"object\": \"vera\"}}, {\"added\": {\"name\": \"risposta\", \"object\": \"falsa\"}}]"}}, {"model": "admin.logentry", "pk": 86, "fields": {"action_time": "2025-11-24T15:36:28.932Z", "user": 1, "content_type": 14, "object_id": "7", "object_repr": "domanda numero 4", "action_flag": 2, "change_message": "[]"}}, {"model": "admin.logentry", "pk": 87, "fields": {"action_time": "2025-11-24T15:36:34.563Z", "user": 1, "content_type": 14, "object_id": "6", "object_repr": "domanda numero 3", "action_flag": 2, "change_message": "[]"}}, {"model": "admin.logentry", "pk": 88, "fields": {"action_time": "2025-11-24T15:36:40.407Z", "user": 1, "content_type": 14, "object_id": "5", "object_repr": "domanda numero 2", "action_flag": 2, "change_message": "[]"}}, {"model": "admin.logentry", "pk": 89, "fields": {"action_time": "2025-11-24T15:37:03.585Z", "user": 1, "content_type": 14, "object_id": "12", "object_repr": "domanda numero 1", "action_flag": 2, "change_message": "[{\"added\": {\"name\": \"risposta\", \"object\": \"vera\"}}, {\"added\": {\"name\": \"risposta\", \"object\": \"falsa\"}}]"}}, {"model": "admin.logentry", "pk": 90, "fields": {"action_time": "2025-11-24T15:37:14.741Z", "user": 1, "content_type": 14, "object_id": "13", "object_repr": "domanda numero 2", "action_flag": 2, "change_message": "[{\"added\": {\"name\": \"risposta\", \"object\": \"vera\"}}, {\"added\": {\"name\": \"risposta\", \"object\": \"falsa\"}}]"}}, {"model": "admin.logentry", "pk": 91, "fields": {"action_time": "2025-11-24T15:37:27.489Z", "user": 1, "content_type": 14, "object_id": "14", "object_repr": "domanda numero 3", "action_flag": 2, "change_message": "[{\"added\": {\"name\": \"risposta\", \"object\": \"vera\"}}, {\"added\": {\"name\": \"risposta\", \"object\": \"falsa\"}}]"}}, {"model": "admin.logentry", "pk": 92, "fields": {"action_time": "2025-11-24T15:37:41.807Z", "user": 1, "content_type": 14, "object_id": "15", "object_repr": "domanda numero 4", "action_flag": 2, "change_message": "[{\"added\": {\"name\": \"risposta\", \"object\": \"vera\"}}, {\"added\": {\"name\": \"risposta\", \"object\": \"falsa\"}}]"}}, {"model": "admin.logentry", "pk": 93, "fields": {"action_time": "2025-11-24T15:38:49.021Z", "user": 1, "content_type": 15, "object_id": "1", "object_repr": "Impostazioni Generali", "action_flag": 2, "change_message": "[{\"changed\": {\"fields\": [\"Logo Piattaforma\"]}}]"}}, {"model": "admin.logentry", "pk": 94, "fields": {"action_time": "2025-11-24T15:39:12.708Z", "user": 1, "content_type": 12, "object_id": "1", "object_repr": "Privacy", "action_flag": 2, "change_message": "[]"}}, {"model": "admin.logentry", "pk": 95, "fields": {"action_time": "2025-11-24T15:40:08.400Z", "user": 1, "content_type": 6, "object_id": "2", "object_repr": "gianluca.muggittu@tiscali.it", "action_flag": 1, "change_message": "[{\"added\": {}}]"}}, {"model": "admin.logentry", "pk": 96, "fields": {"action_time": "2025-11-24T15:40:32.022Z", "user": 1, "content_type": 6, "object_id": "2", "object_repr": "gianluca.muggittu@tiscali.it", "action_flag": 2, "change_message": "[]"}}, {"model": "admin.logentry", "pk": 97, "fields": {"action_time": "2025-11-24T15:42:08.764Z", "user": 1, "content_type": 7, "object_id": "1", "object_repr": "Ferrari", "action_flag": 1, "change_message": "[{\"added\": {}}]"}}, {"model": "admin.logentry", "pk": 98, "fields": {"action_time": "2025-11-24T15:42:25.050Z", "user": 1, "content_type": 6, "object_id": "2", "object_repr": "gianluca.muggittu@tiscali.it", "action_flag": 2, "change_message": "[{\"changed\": {\"fields\": [\"Azienda\"]}}]"}}, {"model": "admin.logentry", "pk": 99, "fields": {"action_time": "2025-11-24T15:47:51.272Z", "user": 1, "content_type": 6, "object_id": "3", "object_repr": "consulente@prova.com", "action_flag": 1, "change_message": "[{\"added\": {}}]"}}, {"model": "admin.logentry", "pk": 100, "fields": {"action_time": "2025-11-24T15:49:01.979Z", "user": 1, "content_type": 7, "object_id": "2", "object_repr": "Mercedes", "action_flag": 1, "change_message": "[{\"added\": {}}]"}}, {"model": "admin.logentry", "pk": 101, "fields": {"action_time": "2025-11-24T15:49:47.612Z", "user": 1, "content_type": 7, "object_id": "3", "object_repr": "Maserati", "action_flag": 1, "change_message": "[{\"added\": {}}]"}}, {"model": "admin.logentry", "pk": 102, "fields": {"action_time": "2025-11-24T15:51:01.481Z", "user": 1, "content_type": 6, "object_id": "3", "object_repr": "consulente@prova.com", "action_flag": 2, "change_message": "[{\"changed\": {\"fields\": [\"password\"]}}]"}}, {"model": "admin.logentry", "pk": 103, "fields": {"action_time": "2025-11-24T16:13:47.777Z", "user": 1, "content_type": 15, "object_id": "1", "object_repr": "Impostazioni Generali", "action_flag": 2, "change_message": "[]"}}, {"model": "admin.logentry", "pk": 104, "fields": {"action_time": "2025-11-24T21:36:23.977Z", "user": 1, "content_type": 6, "object_id": "3", "object_repr": "consulente@prova.com", "action_flag": 2, "change_message": "[]"}}, {"model": "admin.logentry", "pk": 105, "fields": {"action_time": "2025-11-24T21:37:17.899Z", "user": 1, "content_type": 10, "object_id": "1", "object_repr": "CONSULENTE Prova", "action_flag": 1, "change_message": "[{\"added\": {}}]"}}, {"model": "admin.logentry", "pk": 106, "fields": {"action_time": "2025-11-24T21:39:29.168Z", "user": 1, "content_type": 26, "object_id": "1", "object_repr": "Informative", "action_flag": 1, "change_message": "[{\"added\": {}}]"}}, {"model": "admin.logentry", "pk": 107, "fields": {"action_time": "2025-11-24T22:42:11.977Z", "user": 1, "content_type": 6, "object_id": "4", "object_repr": "referente999@test.com", "action_flag": 1, "change_message": "[{\"added\": {}}]"}}, {"model": "admin.logentry", "pk": 108, "fields": {"action_time": "2025-11-24T22:42:30.245Z", "user": 1, "content_type": 6, "object_id": "4", "object_repr": "referente999@test.com", "action_flag": 2, "change_message": "[]"}}, {"model": "admin.logentry", "pk": 109, "fields": {"action_time": "2025-11-25T07:28:17.945Z", "user": 1, "content_type": 15, "object_id": "1", "object_repr": "Impostazioni Generali", "action_flag": 2, "change_message": "[{\"changed\": {\"fields\": [\"Email Template ID (Benvenuto)\"]}}]"}}, {"model": "admin.logentry", "pk": 110, "fields": {"action_time": "2025-11-25T16:39:57.335Z", "user": 1, "content_type": 15, "object_id": "1", "object_repr": "Impostazioni Generali", "action_flag": 2, "change_message": "[]"}}, {"model": "admin.logentry", "pk": 111, "fields": {"action_time": "2025-11-25T18:40:20.832Z", "user": 1, "content_type": 15, "object_id": "1", "object_repr": "Impostazioni Generali", "action_flag": 2, "change_message": "[]"}}, {"model": "admin.logentry", "pk": 112, "fields": {"action_time": "2025-11-27T22:28:19.229Z", "user": 1, "content_type": 7, "object_id": "1", "object_repr": "Ferrari", "action_flag": 2, "change_message": "[{\"changed\": {\"fields\": [\"Abilita Modulo Referente CSIRT (NIS2)\"]}}]"}}, {"model": "admin.logentry", "pk": 113, "fields": {"action_time": "2025-11-28T11:20:46.218Z", "user": 1, "content_type": 15, "object_id": "1", "object_repr": "Impostazioni Generali", "action_flag": 2, "change_message": "[{\"changed\": {\"fields\": [\"Template Word Nomina CSIRT\"]}}]"}}, {"model": "admin.logentry", "pk": 114, "fields": {"action_time": "2025-12-01T10:26:37.485Z", "user": 1, "content_type": 6, "object_id": "5", "object_repr": "gianluca@muggittu.it", "action_flag": 1, "change_message": "[{\"added\": {}}]"}}, {"model": "admin.logentry", "pk": 115, "fields": {"action_time": "2025-12-01T10:26:55.330Z", "user": 1, "content_type": 6, "object_id": "5", "object_repr": "gianluca@muggittu.it", "action_flag": 2, "change_message": "[]"}}, {"model": "admin.logentry", "pk": 116, "fields": {"action_time": "2025-12-01T10:52:08.390Z", "user": 1, "content_type": 6, "object_id": "5", "object_repr": "gianluca@muggittu.it", "action_flag": 2, "change_message": "[{\"changed\": {\"fields\": [\"password\"]}}]"}}, {"model": "admin.logentry", "pk": 117, "fields": {"action_time": "2025-12-01T11:40:06.792Z", "user": 1, "content_type": 6, "object_id": "4", "object_repr": "referente999@test.com", "action_flag": 2, "change_message": "[{\"changed\": {\"fields\": [\"password\"]}}]"}}, {"model": "admin.logentry", "pk": 118, "fields": {"action_time": "2025-12-01T14:54:20.045Z", "user": 1, "content_type": 10, "object_id": "1", "object_repr": "CONSULENTE Prova", "action_flag": 2, "change_message": "[]"}}, {"model": "admin.logentry", "pk": 119, "fields": {"action_time": "2025-12-01T14:54:29.072Z", "user": 1, "content_type": 10, "object_id": "1", "object_repr": "CONSULENTE Prova", "action_flag": 2, "change_message": "[]"}}, {"model": "admin.logentry", "pk": 120, "fields": {"action_time": "2025-12-01T14:57:42.462Z", "user": 1, "content_type": 7, "object_id": "1", "object_repr": "Ferrari", "action_flag": 2, "change_message": "[{\"changed\": {\"fields\": [\"Stato Contratto\"]}}]"}}, {"model": "admin.logentry", "pk": 121, "fields": {"action_time": "2025-12-01T14:58:15.473Z", "user": 1, "content_type": 7, "object_id": "1", "object_repr": "Ferrari", "action_flag": 2, "change_message": "[]"}}, {"model": "admin.logentry", "pk": 122, "fields": {"action_time": "2025-12-01T15:14:52.180Z", "user": 1, "content_type": 10, "object_id": "1", "object_repr": "CONSULENTE Prova", "action_flag": 2, "change_message": "[{\"changed\": {\"fields\": [\"Aziende gestite\"]}}]"}}, {"model": "admin.logentry", "pk": 123, "fields": {"action_time": "2025-12-01T15:14:58.762Z", "user": 1, "content_type": 10, "object_id": "1", "object_repr": "CONSULENTE Prova", "action_flag": 2, "change_message": "[{\"changed\": {\"fields\": [\"Aziende gestite\"]}}]"}}, {"model": "admin.logentry", "pk": 124, "fields": {"action_time": "2025-12-01T15:49:29.844Z", "user": 1, "content_type": 7, "object_id": "4", "object_repr": "REANULT", "action_flag": 1, "change_message": "[{\"added\": {}}]"}}, {"model": "admin.logentry", "pk": 125, "fields": {"action_time": "2025-12-01T15:49:45.851Z", "user": 1, "content_type": 10, "object_id": "1", "object_repr": "CONSULENTE Prova", "action_flag": 2, "change_message": "[{\"changed\": {\"fields\": [\"Aziende gestite\"]}}]"}}, {"model": "admin.logentry", "pk": 126, "fields": {"action_time": "2025-12-01T16:07:19.268Z", "user": 1, "content_type": 6, "object_id": "3", "object_repr": "consulente@prova.com", "action_flag": 2, "change_message": "[{\"changed\": {\"fields\": [\"Azienda\"]}}]"}}, {"model": "admin.logentry", "pk": 127, "fields": {"action_time": "2025-12-01T16:37:08.649Z", "user": 1, "content_type": 10, "object_id": "1", "object_repr": "CONSULENTE Prova", "action_flag": 2, "change_message": "[]"}}, {"model": "admin.logentry", "pk": 128, "fields": {"action_time": "2025-12-01T16:50:17.732Z", "user": 1, "content_type": 15, "object_id": "1", "object_repr": "Impostazioni Generali", "action_flag": 2, "change_message": "[{\"changed\": {\"fields\": [\"Logo Piattaforma\"]}}]"}}, {"model": "admin.logentry", "pk": 129, "fields": {"action_time": "2025-12-01T18:20:45.640Z", "user": 1, "content_type": 7, "object_id": "1", "object_repr": "Ferrari", "action_flag": 2, "change_message": "[{\"changed\": {\"fields\": [\"P.IVA/Cod. Fisc.\", \"Manager (Utenti Consulenti)\"]}}]"}}, {"model": "admin.logentry", "pk": 130, "fields": {"action_time": "2025-12-01T18:21:00.520Z", "user": 1, "content_type": 7, "object_id": "2", "object_repr": "Mercedes", "action_flag": 2, "change_message": "[{\"changed\": {\"fields\": [\"P.IVA/Cod. Fisc.\", \"Manager (Utenti Consulenti)\"]}}]"}}, {"model": "admin.logentry", "pk": 131, "fields": {"action_time": "2025-12-01T18:21:16.280Z", "user": 1, "content_type": 7, "object_id": "3", "object_repr": "Maserati", "action_flag": 2, "change_message": "[{\"changed\": {\"fields\": [\"P.IVA/Cod. Fisc.\", \"Manager (Utenti Consulenti)\"]}}]"}}, {"model": "admin.logentry", "pk": 132, "fields": {"action_time": "2025-12-01T18:22:53.130Z", "user": 1, "content_type": 6, "object_id": "3", "object_repr": "CONSULENTE Prova (Consulente / DPO Esterno)", "action_flag": 2, "change_message": "[{\"changed\": {\"fields\": [\"Azienda Associata\"]}}]"}}, {"model": "admin.logentry", "pk": 133, "fields": {"action_time": "2025-12-01T18:23:33.611Z", "user": 1, "content_type": 6, "object_id": "3", "object_repr": "CONSULENTE Prova (Consulente / DPO Esterno)", "action_flag": 2, "change_message": "[{\"changed\": {\"fields\": [\"Azienda Associata\"]}}]"}}, {"model": "admin.logentry", "pk": 134, "fields": {"action_time": "2025-12-01T20:42:04.646Z", "user": 1, "content_type": 7, "object_id": "4", "object_repr": "REANULT", "action_flag": 2, "change_message": "[{\"changed\": {\"fields\": [\"P.IVA/Cod. Fisc.\", \"Manager (Utenti Consulenti)\"]}}]"}}, {"model": "admin.logentry", "pk": 135, "fields": {"action_time": "2025-12-01T20:43:09.051Z", "user": 1, "content_type": 7, "object_id": "3", "object_repr": "Maserati", "action_flag": 2, "change_message": "[]"}}, {"model": "admin.logentry", "pk": 136, "fields": {"action_time": "2025-12-01T20:43:17.076Z", "user": 1, "content_type": 7, "object_id": "2", "object_repr": "Mercedes", "action_flag": 2, "change_message": "[]"}}, {"model": "admin.logentry", "pk": 137, "fields": {"action_time": "2025-12-01T20:45:16.010Z", "user": 1, "content_type": 6, "object_id": "3", "object_repr": "CONSULENTE Prova (Consulente / DPO Esterno)", "action_flag": 2, "change_message": "[]"}}, {"model": "admin.logentry", "pk": 138, "fields": {"action_time": "2025-12-01T20:45:47.146Z", "user": 1, "content_type": 7, "object_id": "4", "object_repr": "REANULT", "action_flag": 2, "change_message": "[]"}}, {"model": "admin.logentry", "pk": 139, "fields": {"action_time": "2025-12-01T22:19:59.276Z", "user": 1, "content_type": 6, "object_id": "2", "object_repr": "Gianluca Muggittu (Dipendente / Utente E-learning)", "action_flag": 3, "change_message": ""}}, {"model": "admin.logentry", "pk": 140, "fields": {"action_time": "2025-12-01T22:20:34.634Z", "user": 1, "content_type": 6, "object_id": "6", "object_repr": "gianluca.muggittu@tiscali.it (Dipendente / Utente E-learning)", "action_flag": 1, "change_message": "[{\"added\": {}}]"}}, {"model": "admin.logentry", "pk": 141, "fields": {"action_time": "2025-12-01T22:21:14.711Z", "user": 1, "content_type": 6, "object_id": "6", "object_repr": "Gianluca Muggittu (Dipendente / Utente E-learning)", "action_flag": 2, "change_message": "[{\"changed\": {\"fields\": [\"First name\", \"Last name\", \"Email address\", \"Azienda Associata\"]}}]"}}, {"model": "admin.logentry", "pk": 142, "fields": {"action_time": "2025-12-02T10:50:29.341Z", "user": 1, "content_type": 15, "object_id": "1", "object_repr": "Impostazioni Generali", "action_flag": 2, "change_message": "[]"}}, {"model": "admin.logentry", "pk": 143, "fields": {"action_time": "2025-12-02T11:06:26.953Z", "user": 1, "content_type": 49, "object_id": "1", "object_repr": "127.0.0.1:8000", "action_flag": 2, "change_message": "[{\"changed\": {\"fields\": [\"Domain name\", \"Display name\"]}}]"}}, {"model": "admin.logentry", "pk": 144, "fields": {"action_time": "2025-12-03T15:08:00.751Z", "user": 1, "content_type": 6, "object_id": "3", "object_repr": "Paoli Rossi (Consulente / DPO Esterno)", "action_flag": 2, "change_message": "[{\"changed\": {\"fields\": [\"First name\", \"Last name\"]}}]"}}, {"model": "admin.logentry", "pk": 145, "fields": {"action_time": "2025-12-03T15:09:06.499Z", "user": 1, "content_type": 6, "object_id": "3", "object_repr": "Paolo Rossi (Consulente / DPO Esterno)", "action_flag": 2, "change_message": "[{\"changed\": {\"fields\": [\"First name\"]}}]"}}, {"model": "admin.logentry", "pk": 146, "fields": {"action_time": "2025-12-03T16:10:21.977Z", "user": 1, "content_type": 47, "object_id": "3", "object_repr": "Notifica Blocco PC - Ferrari", "action_flag": 1, "change_message": "[{\"added\": {}}]"}}, {"model": "admin.logentry", "pk": 147, "fields": {"action_time": "2025-12-03T23:46:04.533Z", "user": 1, "content_type": 7, "object_id": "1", "object_repr": "Ferrari Spa", "action_flag": 2, "change_message": "[{\"changed\": {\"fields\": [\"Nome Azienda\", \"P.IVA/Cod. Fisc.\"]}}]"}}, {"model": "admin.logentry", "pk": 148, "fields": {"action_time": "2025-12-04T00:14:14.343Z", "user": 1, "content_type": 15, "object_id": "1", "object_repr": "Impostazioni Generali", "action_flag": 2, "change_message": "[]"}}, {"model": "admin.logentry", "pk": 149, "fields": {"action_time": "2025-12-04T09:45:29.777Z", "user": 1, "content_type": 6, "object_id": "3", "object_repr": "Martina Lonardi (Consulente / DPO Esterno)", "action_flag": 2, "change_message": "[{\"changed\": {\"fields\": [\"First name\", \"Last name\"]}}]"}}, {"model": "auth.permission", "pk": 1, "fields": {"name": "Can add log entry", "content_type": 1, "codename": "add_logentry"}}, {"model": "auth.permission", "pk": 2, "fields": {"name": "Can change log entry", "content_type": 1, "codename": "change_logentry"}}, {"model": "auth.permission", "pk": 3, "fields": {"name": "Can delete log entry", "content_type": 1, "codename": "delete_logentry"}}, {"model": "auth.permission", "pk": 4, "fields": {"name": "Can view log entry", "content_type": 1, "codename": "view_logentry"}}, {"model": "auth.permission", "pk": 5, "fields": {"name": "Can add permission", "content_type": 2, "codename": "add_permission"}}, {"model": "auth.permission", "pk": 6, "fields": {"name": "Can change permission", "content_type": 2, "codename": "change_permission"}}, {"model": "auth.permission", "pk": 7, "fields": {"name": "Can delete permission", "content_type": 2, "codename": "delete_permission"}}, {"model": "auth.permission", "pk": 8, "fields": {"name": "Can view permission", "content_type": 2, "codename": "view_permission"}}, {"model": "auth.permission", "pk": 9, "fields": {"name": "Can add group", "content_type": 3, "codename": "add_group"}}, {"model": "auth.permission", "pk": 10, "fields": {"name": "Can change group", "content_type": 3, "codename": "change_group"}}, {"model": "auth.permission", "pk": 11, "fields": {"name": "Can delete group", "content_type": 3, "codename": "delete_group"}}, {"model": "auth.permission", "pk": 12, "fields": {"name": "Can view group", "content_type": 3, "codename": "view_group"}}, {"model": "auth.permission", "pk": 13, "fields": {"name": "Can add content type", "content_type": 4, "codename": "add_contenttype"}}, {"model": "auth.permission", "pk": 14, "fields": {"name": "Can change content type", "content_type": 4, "codename": "change_contenttype"}}, {"model": "auth.permission", "pk": 15, "fields": {"name": "Can delete content type", "content_type": 4, "codename": "delete_contenttype"}}, {"model": "auth.permission", "pk": 16, "fields": {"name": "Can view content type", "content_type": 4, "codename": "view_contenttype"}}, {"model": "auth.permission", "pk": 17, "fields": {"name": "Can add session", "content_type": 5, "codename": "add_session"}}, {"model": "auth.permission", "pk": 18, "fields": {"name": "Can change session", "content_type": 5, "codename": "change_session"}}, {"model": "auth.permission", "pk": 19, "fields": {"name": "Can delete session", "content_type": 5, "codename": "delete_session"}}, {"model": "auth.permission", "pk": 20, "fields": {"name": "Can view session", "content_type": 5, "codename": "view_session"}}, {"model": "auth.permission", "pk": 21, "fields": {"name": "Can add user", "content_type": 6, "codename": "add_customuser"}}, {"model": "auth.permission", "pk": 22, "fields": {"name": "Can change user", "content_type": 6, "codename": "change_customuser"}}, {"model": "auth.permission", "pk": 23, "fields": {"name": "Can delete user", "content_type": 6, "codename": "delete_customuser"}}, {"model": "auth.permission", "pk": 24, "fields": {"name": "Can view user", "content_type": 6, "codename": "view_customuser"}}, {"model": "auth.permission", "pk": 25, "fields": {"name": "Can add azienda", "content_type": 7, "codename": "add_azienda"}}, {"model": "auth.permission", "pk": 26, "fields": {"name": "Can change azienda", "content_type": 7, "codename": "change_azienda"}}, {"model": "auth.permission", "pk": 27, "fields": {"name": "Can delete azienda", "content_type": 7, "codename": "delete_azienda"}}, {"model": "auth.permission", "pk": 28, "fields": {"name": "Can view azienda", "content_type": 7, "codename": "view_azienda"}}, {"model": "auth.permission", "pk": 29, "fields": {"name": "Can add prodotto", "content_type": 8, "codename": "add_prodotto"}}, {"model": "auth.permission", "pk": 30, "fields": {"name": "Can change prodotto", "content_type": 8, "codename": "change_prodotto"}}, {"model": "auth.permission", "pk": 31, "fields": {"name": "Can delete prodotto", "content_type": 8, "codename": "delete_prodotto"}}, {"model": "auth.permission", "pk": 32, "fields": {"name": "Can view prodotto", "content_type": 8, "codename": "view_prodotto"}}, {"model": "auth.permission", "pk": 33, "fields": {"name": "Can add nota azienda", "content_type": 9, "codename": "add_notaazienda"}}, {"model": "auth.permission", "pk": 34, "fields": {"name": "Can change nota azienda", "content_type": 9, "codename": "change_notaazienda"}}, {"model": "auth.permission", "pk": 35, "fields": {"name": "Can delete nota azienda", "content_type": 9, "codename": "delete_notaazienda"}}, {"model": "auth.permission", "pk": 36, "fields": {"name": "Can view nota azienda", "content_type": 9, "codename": "view_notaazienda"}}, {"model": "auth.permission", "pk": 37, "fields": {"name": "Can add consulente", "content_type": 10, "codename": "add_consulente"}}, {"model": "auth.permission", "pk": 38, "fields": {"name": "Can change consulente", "content_type": 10, "codename": "change_consulente"}}, {"model": "auth.permission", "pk": 39, "fields": {"name": "Can delete consulente", "content_type": 10, "codename": "delete_consulente"}}, {"model": "auth.permission", "pk": 40, "fields": {"name": "Can view consulente", "content_type": 10, "codename": "view_consulente"}}, {"model": "auth.permission", "pk": 41, "fields": {"name": "Can add admin referente", "content_type": 11, "codename": "add_adminreferente"}}, {"model": "auth.permission", "pk": 42, "fields": {"name": "Can change admin referente", "content_type": 11, "codename": "change_adminreferente"}}, {"model": "auth.permission", "pk": 43, "fields": {"name": "Can delete admin referente", "content_type": 11, "codename": "delete_adminreferente"}}, {"model": "auth.permission", "pk": 44, "fields": {"name": "Can view admin referente", "content_type": 11, "codename": "view_adminreferente"}}, {"model": "auth.permission", "pk": 45, "fields": {"name": "Can add categoria corso", "content_type": 12, "codename": "add_categoriacorso"}}, {"model": "auth.permission", "pk": 46, "fields": {"name": "Can change categoria corso", "content_type": 12, "codename": "change_categoriacorso"}}, {"model": "auth.permission", "pk": 47, "fields": {"name": "Can delete categoria corso", "content_type": 12, "codename": "delete_categoriacorso"}}, {"model": "auth.permission", "pk": 48, "fields": {"name": "Can view categoria corso", "content_type": 12, "codename": "view_categoriacorso"}}, {"model": "auth.permission", "pk": 49, "fields": {"name": "Can add corso", "content_type": 13, "codename": "add_corso"}}, {"model": "auth.permission", "pk": 50, "fields": {"name": "Can change corso", "content_type": 13, "codename": "change_corso"}}, {"model": "auth.permission", "pk": 51, "fields": {"name": "Can delete corso", "content_type": 13, "codename": "delete_corso"}}, {"model": "auth.permission", "pk": 52, "fields": {"name": "Can view corso", "content_type": 13, "codename": "view_corso"}}, {"model": "auth.permission", "pk": 53, "fields": {"name": "Can add domanda", "content_type": 14, "codename": "add_domanda"}}, {"model": "auth.permission", "pk": 54, "fields": {"name": "Can change domanda", "content_type": 14, "codename": "change_domanda"}}, {"model": "auth.permission", "pk": 55, "fields": {"name": "Can delete domanda", "content_type": 14, "codename": "delete_domanda"}}, {"model": "auth.permission", "pk": 56, "fields": {"name": "Can view domanda", "content_type": 14, "codename": "view_domanda"}}, {"model": "auth.permission", "pk": 57, "fields": {"name": "Can add Impostazioni Sito", "content_type": 15, "codename": "add_impostazionisito"}}, {"model": "auth.permission", "pk": 58, "fields": {"name": "Can change Impostazioni Sito", "content_type": 15, "codename": "change_impostazionisito"}}, {"model": "auth.permission", "pk": 59, "fields": {"name": "Can delete Impostazioni Sito", "content_type": 15, "codename": "delete_impostazionisito"}}, {"model": "auth.permission", "pk": 60, "fields": {"name": "Can view Impostazioni Sito", "content_type": 15, "codename": "view_impostazionisito"}}, {"model": "auth.permission", "pk": 61, "fields": {"name": "Can add iscrizione corso", "content_type": 16, "codename": "add_iscrizionecorso"}}, {"model": "auth.permission", "pk": 62, "fields": {"name": "Can change iscrizione corso", "content_type": 16, "codename": "change_iscrizionecorso"}}, {"model": "auth.permission", "pk": 63, "fields": {"name": "Can delete iscrizione corso", "content_type": 16, "codename": "delete_iscrizionecorso"}}, {"model": "auth.permission", "pk": 64, "fields": {"name": "Can view iscrizione corso", "content_type": 16, "codename": "view_iscrizionecorso"}}, {"model": "auth.permission", "pk": 65, "fields": {"name": "Can add modulo", "content_type": 17, "codename": "add_modulo"}}, {"model": "auth.permission", "pk": 66, "fields": {"name": "Can change modulo", "content_type": 17, "codename": "change_modulo"}}, {"model": "auth.permission", "pk": 67, "fields": {"name": "Can delete modulo", "content_type": 17, "codename": "delete_modulo"}}, {"model": "auth.permission", "pk": 68, "fields": {"name": "Can view modulo", "content_type": 17, "codename": "view_modulo"}}, {"model": "auth.permission", "pk": 69, "fields": {"name": "Can add risposta", "content_type": 18, "codename": "add_risposta"}}, {"model": "auth.permission", "pk": 70, "fields": {"name": "Can change risposta", "content_type": 18, "codename": "change_risposta"}}, {"model": "auth.permission", "pk": 71, "fields": {"name": "Can delete risposta", "content_type": 18, "codename": "delete_risposta"}}, {"model": "auth.permission", "pk": 72, "fields": {"name": "Can view risposta", "content_type": 18, "codename": "view_risposta"}}, {"model": "auth.permission", "pk": 73, "fields": {"name": "Can add quiz", "content_type": 19, "codename": "add_quiz"}}, {"model": "auth.permission", "pk": 74, "fields": {"name": "Can change quiz", "content_type": 19, "codename": "change_quiz"}}, {"model": "auth.permission", "pk": 75, "fields": {"name": "Can delete quiz", "content_type": 19, "codename": "delete_quiz"}}, {"model": "auth.permission", "pk": 76, "fields": {"name": "Can view quiz", "content_type": 19, "codename": "view_quiz"}}, {"model": "auth.permission", "pk": 77, "fields": {"name": "Can add media", "content_type": 20, "codename": "add_media"}}, {"model": "auth.permission", "pk": 78, "fields": {"name": "Can change media", "content_type": 20, "codename": "change_media"}}, {"model": "auth.permission", "pk": 79, "fields": {"name": "Can delete media", "content_type": 20, "codename": "delete_media"}}, {"model": "auth.permission", "pk": 80, "fields": {"name": "Can view media", "content_type": 20, "codename": "view_media"}}, {"model": "auth.permission", "pk": 81, "fields": {"name": "Can add attestato", "content_type": 21, "codename": "add_attestato"}}, {"model": "auth.permission", "pk": 82, "fields": {"name": "Can change attestato", "content_type": 21, "codename": "change_attestato"}}, {"model": "auth.permission", "pk": 83, "fields": {"name": "Can delete attestato", "content_type": 21, "codename": "delete_attestato"}}, {"model": "auth.permission", "pk": 84, "fields": {"name": "Can view attestato", "content_type": 21, "codename": "view_attestato"}}, {"model": "auth.permission", "pk": 85, "fields": {"name": "Can add progresso modulo", "content_type": 22, "codename": "add_progressomodulo"}}, {"model": "auth.permission", "pk": 86, "fields": {"name": "Can change progresso modulo", "content_type": 22, "codename": "change_progressomodulo"}}, {"model": "auth.permission", "pk": 87, "fields": {"name": "Can delete progresso modulo", "content_type": 22, "codename": "delete_progressomodulo"}}, {"model": "auth.permission", "pk": 88, "fields": {"name": "Can view progresso modulo", "content_type": 22, "codename": "view_progressomodulo"}}, {"model": "auth.permission", "pk": 89, "fields": {"name": "Can add audit categoria", "content_type": 23, "codename": "add_auditcategoria"}}, {"model": "auth.permission", "pk": 90, "fields": {"name": "Can change audit categoria", "content_type": 23, "codename": "change_auditcategoria"}}, {"model": "auth.permission", "pk": 91, "fields": {"name": "Can delete audit categoria", "content_type": 23, "codename": "delete_auditcategoria"}}, {"model": "auth.permission", "pk": 92, "fields": {"name": "Can view audit categoria", "content_type": 23, "codename": "view_auditcategoria"}}, {"model": "auth.permission", "pk": 93, "fields": {"name": "Can add audit domanda", "content_type": 24, "codename": "add_auditdomanda"}}, {"model": "auth.permission", "pk": 94, "fields": {"name": "Can change audit domanda", "content_type": 24, "codename": "change_auditdomanda"}}, {"model": "auth.permission", "pk": 95, "fields": {"name": "Can delete audit domanda", "content_type": 24, "codename": "delete_auditdomanda"}}, {"model": "auth.permission", "pk": 96, "fields": {"name": "Can view audit domanda", "content_type": 24, "codename": "view_auditdomanda"}}, {"model": "auth.permission", "pk": 97, "fields": {"name": "Can add categoria dati", "content_type": 25, "codename": "add_categoriadati"}}, {"model": "auth.permission", "pk": 98, "fields": {"name": "Can change categoria dati", "content_type": 25, "codename": "change_categoriadati"}}, {"model": "auth.permission", "pk": 99, "fields": {"name": "Can delete categoria dati", "content_type": 25, "codename": "delete_categoriadati"}}, {"model": "auth.permission", "pk": 100, "fields": {"name": "Can view categoria dati", "content_type": 25, "codename": "view_categoriadati"}}, {"model": "auth.permission", "pk": 101, "fields": {"name": "Can add categoria documento", "content_type": 26, "codename": "add_categoriadocumento"}}, {"model": "auth.permission", "pk": 102, "fields": {"name": "Can change categoria documento", "content_type": 26, "codename": "change_categoriadocumento"}}, {"model": "auth.permission", "pk": 103, "fields": {"name": "Can delete categoria documento", "content_type": 26, "codename": "delete_categoriadocumento"}}, {"model": "auth.permission", "pk": 104, "fields": {"name": "Can view categoria documento", "content_type": 26, "codename": "view_categoriadocumento"}}, {"model": "auth.permission", "pk": 105, "fields": {"name": "Can add destinatario", "content_type": 27, "codename": "add_destinatario"}}, {"model": "auth.permission", "pk": 106, "fields": {"name": "Can change destinatario", "content_type": 27, "codename": "change_destinatario"}}, {"model": "auth.permission", "pk": 107, "fields": {"name": "Can delete destinatario", "content_type": 27, "codename": "delete_destinatario"}}, {"model": "auth.permission", "pk": 108, "fields": {"name": "Can view destinatario", "content_type": 27, "codename": "view_destinatario"}}, {"model": "auth.permission", "pk": 109, "fields": {"name": "Can add documento aziendale", "content_type": 28, "codename": "add_documentoaziendale"}}, {"model": "auth.permission", "pk": 110, "fields": {"name": "Can change documento aziendale", "content_type": 28, "codename": "change_documentoaziendale"}}, {"model": "auth.permission", "pk": 111, "fields": {"name": "Can delete documento aziendale", "content_type": 28, "codename": "delete_documentoaziendale"}}, {"model": "auth.permission", "pk": 112, "fields": {"name": "Can view documento aziendale", "content_type": 28, "codename": "view_documentoaziendale"}}, {"model": "auth.permission", "pk": 113, "fields": {"name": "Can add domanda checklist", "content_type": 29, "codename": "add_domandachecklist"}}, {"model": "auth.permission", "pk": 114, "fields": {"name": "Can change domanda checklist", "content_type": 29, "codename": "change_domandachecklist"}}, {"model": "auth.permission", "pk": 115, "fields": {"name": "Can delete domanda checklist", "content_type": 29, "codename": "delete_domandachecklist"}}, {"model": "auth.permission", "pk": 116, "fields": {"name": "Can view domanda checklist", "content_type": 29, "codename": "view_domandachecklist"}}, {"model": "auth.permission", "pk": 117, "fields": {"name": "Can add paese", "content_type": 30, "codename": "add_paese"}}, {"model": "auth.permission", "pk": 118, "fields": {"name": "Can change paese", "content_type": 30, "codename": "change_paese"}}, {"model": "auth.permission", "pk": 119, "fields": {"name": "Can delete paese", "content_type": 30, "codename": "delete_paese"}}, {"model": "auth.permission", "pk": 120, "fields": {"name": "Can view paese", "content_type": 30, "codename": "view_paese"}}, {"model": "auth.permission", "pk": 121, "fields": {"name": "Can add soggetto interessato", "content_type": 31, "codename": "add_soggettointeressato"}}, {"model": "auth.permission", "pk": 122, "fields": {"name": "Can change soggetto interessato", "content_type": 31, "codename": "change_soggettointeressato"}}, {"model": "auth.permission", "pk": 123, "fields": {"name": "Can delete soggetto interessato", "content_type": 31, "codename": "delete_soggettointeressato"}}, {"model": "auth.permission", "pk": 124, "fields": {"name": "Can view soggetto interessato", "content_type": 31, "codename": "view_soggettointeressato"}}, {"model": "auth.permission", "pk": 125, "fields": {"name": "Can add Impianto Videosorveglianza", "content_type": 32, "codename": "add_videosorveglianza"}}, {"model": "auth.permission", "pk": 126, "fields": {"name": "Can change Impianto Videosorveglianza", "content_type": 32, "codename": "change_videosorveglianza"}}, {"model": "auth.permission", "pk": 127, "fields": {"name": "Can delete Impianto Videosorveglianza", "content_type": 32, "codename": "delete_videosorveglianza"}}, {"model": "auth.permission", "pk": 128, "fields": {"name": "Can view Impianto Videosorveglianza", "content_type": 32, "codename": "view_videosorveglianza"}}, {"model": "auth.permission", "pk": 129, "fields": {"name": "Can add versione documento", "content_type": 33, "codename": "add_versionedocumento"}}, {"model": "auth.permission", "pk": 130, "fields": {"name": "Can change versione documento", "content_type": 33, "codename": "change_versionedocumento"}}, {"model": "auth.permission", "pk": 131, "fields": {"name": "Can delete versione documento", "content_type": 33, "codename": "delete_versionedocumento"}}, {"model": "auth.permission", "pk": 132, "fields": {"name": "Can view versione documento", "content_type": 33, "codename": "view_versionedocumento"}}, {"model": "auth.permission", "pk": 133, "fields": {"name": "Can add valutazione tia", "content_type": 34, "codename": "add_valutazionetia"}}, {"model": "auth.permission", "pk": 134, "fields": {"name": "Can change valutazione tia", "content_type": 34, "codename": "change_valutazionetia"}}, {"model": "auth.permission", "pk": 135, "fields": {"name": "Can delete valutazione tia", "content_type": 34, "codename": "delete_valutazionetia"}}, {"model": "auth.permission", "pk": 136, "fields": {"name": "Can view valutazione tia", "content_type": 34, "codename": "view_valutazionetia"}}, {"model": "auth.permission", "pk": 137, "fields": {"name": "Can add trattamento", "content_type": 35, "codename": "add_trattamento"}}, {"model": "auth.permission", "pk": 138, "fields": {"name": "Can change trattamento", "content_type": 35, "codename": "change_trattamento"}}, {"model": "auth.permission", "pk": 139, "fields": {"name": "Can delete trattamento", "content_type": 35, "codename": "delete_trattamento"}}, {"model": "auth.permission", "pk": 140, "fields": {"name": "Can view trattamento", "content_type": 35, "codename": "view_trattamento"}}, {"model": "auth.permission", "pk": 141, "fields": {"name": "Can add template documento", "content_type": 36, "codename": "add_templatedocumento"}}, {"model": "auth.permission", "pk": 142, "fields": {"name": "Can change template documento", "content_type": 36, "codename": "change_templatedocumento"}}, {"model": "auth.permission", "pk": 143, "fields": {"name": "Can delete template documento", "content_type": 36, "codename": "delete_templatedocumento"}}, {"model": "auth.permission", "pk": 144, "fields": {"name": "Can view template documento", "content_type": 36, "codename": "view_templatedocumento"}}, {"model": "auth.permission", "pk": 145, "fields": {"name": "Can add software", "content_type": 37, "codename": "add_software"}}, {"model": "auth.permission", "pk": 146, "fields": {"name": "Can change software", "content_type": 37, "codename": "change_software"}}, {"model": "auth.permission", "pk": 147, "fields": {"name": "Can delete software", "content_type": 37, "codename": "delete_software"}}, {"model": "auth.permission", "pk": 148, "fields": {"name": "Can view software", "content_type": 37, "codename": "view_software"}}, {"model": "auth.permission", "pk": 149, "fields": {"name": "Can add ruolo privacy", "content_type": 38, "codename": "add_ruoloprivacy"}}, {"model": "auth.permission", "pk": 150, "fields": {"name": "Can change ruolo privacy", "content_type": 38, "codename": "change_ruoloprivacy"}}, {"model": "auth.permission", "pk": 151, "fields": {"name": "Can delete ruolo privacy", "content_type": 38, "codename": "delete_ruoloprivacy"}}, {"model": "auth.permission", "pk": 152, "fields": {"name": "Can view ruolo privacy", "content_type": 38, "codename": "view_ruoloprivacy"}}, {"model": "auth.permission", "pk": 153, "fields": {"name": "Can add richiesta interessato", "content_type": 39, "codename": "add_richiestainteressato"}}, {"model": "auth.permission", "pk": 154, "fields": {"name": "Can change richiesta interessato", "content_type": 39, "codename": "change_richiestainteressato"}}, {"model": "auth.permission", "pk": 155, "fields": {"name": "Can delete richiesta interessato", "content_type": 39, "codename": "delete_richiestainteressato"}}, {"model": "auth.permission", "pk": 156, "fields": {"name": "Can view richiesta interessato", "content_type": 39, "codename": "view_richiestainteressato"}}, {"model": "auth.permission", "pk": 157, "fields": {"name": "Can add incidente", "content_type": 40, "codename": "add_incidente"}}, {"model": "auth.permission", "pk": 158, "fields": {"name": "Can change incidente", "content_type": 40, "codename": "change_incidente"}}, {"model": "auth.permission", "pk": 159, "fields": {"name": "Can delete incidente", "content_type": 40, "codename": "delete_incidente"}}, {"model": "auth.permission", "pk": 160, "fields": {"name": "Can view incidente", "content_type": 40, "codename": "view_incidente"}}, {"model": "auth.permission", "pk": 161, "fields": {"name": "Can add compito", "content_type": 41, "codename": "add_compito"}}, {"model": "auth.permission", "pk": 162, "fields": {"name": "Can change compito", "content_type": 41, "codename": "change_compito"}}, {"model": "auth.permission", "pk": 163, "fields": {"name": "Can delete compito", "content_type": 41, "codename": "delete_compito"}}, {"model": "auth.permission", "pk": 164, "fields": {"name": "Can view compito", "content_type": 41, "codename": "view_compito"}}, {"model": "auth.permission", "pk": 165, "fields": {"name": "Can add audit session", "content_type": 42, "codename": "add_auditsession"}}, {"model": "auth.permission", "pk": 166, "fields": {"name": "Can change audit session", "content_type": 42, "codename": "change_auditsession"}}, {"model": "auth.permission", "pk": 167, "fields": {"name": "Can delete audit session", "content_type": 42, "codename": "delete_auditsession"}}, {"model": "auth.permission", "pk": 168, "fields": {"name": "Can view audit session", "content_type": 42, "codename": "view_auditsession"}}, {"model": "auth.permission", "pk": 169, "fields": {"name": "Can add asset", "content_type": 43, "codename": "add_asset"}}, {"model": "auth.permission", "pk": 170, "fields": {"name": "Can change asset", "content_type": 43, "codename": "change_asset"}}, {"model": "auth.permission", "pk": 171, "fields": {"name": "Can delete asset", "content_type": 43, "codename": "delete_asset"}}, {"model": "auth.permission", "pk": 172, "fields": {"name": "Can view asset", "content_type": 43, "codename": "view_asset"}}, {"model": "auth.permission", "pk": 173, "fields": {"name": "Can add risposta checklist", "content_type": 44, "codename": "add_rispostachecklist"}}, {"model": "auth.permission", "pk": 174, "fields": {"name": "Can change risposta checklist", "content_type": 44, "codename": "change_rispostachecklist"}}, {"model": "auth.permission", "pk": 175, "fields": {"name": "Can delete risposta checklist", "content_type": 44, "codename": "delete_rispostachecklist"}}, {"model": "auth.permission", "pk": 176, "fields": {"name": "Can view risposta checklist", "content_type": 44, "codename": "view_rispostachecklist"}}, {"model": "auth.permission", "pk": 177, "fields": {"name": "Can add audit risposta", "content_type": 45, "codename": "add_auditrisposta"}}, {"model": "auth.permission", "pk": 178, "fields": {"name": "Can change audit risposta", "content_type": 45, "codename": "change_auditrisposta"}}, {"model": "auth.permission", "pk": 179, "fields": {"name": "Can delete audit risposta", "content_type": 45, "codename": "delete_auditrisposta"}}, {"model": "auth.permission", "pk": 180, "fields": {"name": "Can view audit risposta", "content_type": 45, "codename": "view_auditrisposta"}}, {"model": "auth.permission", "pk": 181, "fields": {"name": "Can add Referente CSIRT (NIS2)", "content_type": 46, "codename": "add_referentecsirt"}}, {"model": "auth.permission", "pk": 182, "fields": {"name": "Can change Referente CSIRT (NIS2)", "content_type": 46, "codename": "change_referentecsirt"}}, {"model": "auth.permission", "pk": 183, "fields": {"name": "Can delete Referente CSIRT (NIS2)", "content_type": 46, "codename": "delete_referentecsirt"}}, {"model": "auth.permission", "pk": 184, "fields": {"name": "Can view Referente CSIRT (NIS2)", "content_type": 46, "codename": "view_referentecsirt"}}, {"model": "auth.permission", "pk": 185, "fields": {"name": "Can add Notifica Incidente NIS2", "content_type": 47, "codename": "add_notificaincidente"}}, {"model": "auth.permission", "pk": 186, "fields": {"name": "Can change Notifica Incidente NIS2", "content_type": 47, "codename": "change_notificaincidente"}}, {"model": "auth.permission", "pk": 187, "fields": {"name": "Can delete Notifica Incidente NIS2", "content_type": 47, "codename": "delete_notificaincidente"}}, {"model": "auth.permission", "pk": 188, "fields": {"name": "Can view Notifica Incidente NIS2", "content_type": 47, "codename": "view_notificaincidente"}}, {"model": "auth.permission", "pk": 189, "fields": {"name": "Can add Modulo Aziendale Attivo", "content_type": 48, "codename": "add_moduloaziendale"}}, {"model": "auth.permission", "pk": 190, "fields": {"name": "Can change Modulo Aziendale Attivo", "content_type": 48, "codename": "change_moduloaziendale"}}, {"model": "auth.permission", "pk": 191, "fields": {"name": "Can delete Modulo Aziendale Attivo", "content_type": 48, "codename": "delete_moduloaziendale"}}, {"model": "auth.permission", "pk": 192, "fields": {"name": "Can view Modulo Aziendale Attivo", "content_type": 48, "codename": "view_moduloaziendale"}}, {"model": "auth.permission", "pk": 193, "fields": {"name": "Can add site", "content_type": 49, "codename": "add_site"}}, {"model": "auth.permission", "pk": 194, "fields": {"name": "Can change site", "content_type": 49, "codename": "change_site"}}, {"model": "auth.permission", "pk": 195, "fields": {"name": "Can delete site", "content_type": 49, "codename": "delete_site"}}, {"model": "auth.permission", "pk": 196, "fields": {"name": "Can view site", "content_type": 49, "codename": "view_site"}}, {"model": "auth.permission", "pk": 197, "fields": {"name": "Can add Configurazione di Rete", "content_type": 50, "codename": "add_configurazionerete"}}, {"model": "auth.permission", "pk": 198, "fields": {"name": "Can change Configurazione di Rete", "content_type": 50, "codename": "change_configurazionerete"}}, {"model": "auth.permission", "pk": 199, "fields": {"name": "Can delete Configurazione di Rete", "content_type": 50, "codename": "delete_configurazionerete"}}, {"model": "auth.permission", "pk": 200, "fields": {"name": "Can view Configurazione di Rete", "content_type": 50, "codename": "view_configurazionerete"}}, {"model": "auth.permission", "pk": 201, "fields": {"name": "Can add Componente di Rete", "content_type": 51, "codename": "add_componenterete"}}, {"model": "auth.permission", "pk": 202, "fields": {"name": "Can change Componente di Rete", "content_type": 51, "codename": "change_componenterete"}}, {"model": "auth.permission", "pk": 203, "fields": {"name": "Can delete Componente di Rete", "content_type": 51, "codename": "delete_componenterete"}}, {"model": "auth.permission", "pk": 204, "fields": {"name": "Can view Componente di Rete", "content_type": 51, "codename": "view_componenterete"}}, {"model": "auth.permission", "pk": 205, "fields": {"name": "Can add Allegato Notifica", "content_type": 52, "codename": "add_allegatonotifica"}}, {"model": "auth.permission", "pk": 206, "fields": {"name": "Can change Allegato Notifica", "content_type": 52, "codename": "change_allegatonotifica"}}, {"model": "auth.permission", "pk": 207, "fields": {"name": "Can delete Allegato Notifica", "content_type": 52, "codename": "delete_allegatonotifica"}}, {"model": "auth.permission", "pk": 208, "fields": {"name": "Can view Allegato Notifica", "content_type": 52, "codename": "view_allegatonotifica"}}, {"model": "contenttypes.contenttype", "pk": 1, "fields": {"app_label": "admin", "model": "logentry"}}, {"model": "contenttypes.contenttype", "pk": 2, "fields": {"app_label": "auth", "model": "permission"}}, {"model": "contenttypes.contenttype", "pk": 3, "fields": {"app_label": "auth", "model": "group"}}, {"model": "contenttypes.contenttype", "pk": 4, "fields": {"app_label": "contenttypes", "model": "contenttype"}}, {"model": "contenttypes.contenttype", "pk": 5, "fields": {"app_label": "sessions", "model": "session"}}, {"model": "contenttypes.contenttype", "pk": 6, "fields": {"app_label": "user_auth", "model": "customuser"}}, {"model": "contenttypes.contenttype", "pk": 7, "fields": {"app_label": "user_auth", "model": "azienda"}}, {"model": "contenttypes.contenttype", "pk": 8, "fields": {"app_label": "user_auth", "model": "prodotto"}}, {"model": "contenttypes.contenttype", "pk": 9, "fields": {"app_label": "user_auth", "model": "notaazienda"}}, {"model": "contenttypes.contenttype", "pk": 10, "fields": {"app_label": "user_auth", "model": "consulente"}}, {"model": "contenttypes.contenttype", "pk": 11, "fields": {"app_label": "user_auth", "model": "adminreferente"}}, {"model": "contenttypes.contenttype", "pk": 12, "fields": {"app_label": "courses", "model": "categoriacorso"}}, {"model": "contenttypes.contenttype", "pk": 13, "fields": {"app_label": "courses", "model": "corso"}}, {"model": "contenttypes.contenttype", "pk": 14, "fields": {"app_label": "courses", "model": "domanda"}}, {"model": "contenttypes.contenttype", "pk": 15, "fields": {"app_label": "courses", "model": "impostazionisito"}}, {"model": "contenttypes.contenttype", "pk": 16, "fields": {"app_label": "courses", "model": "iscrizionecorso"}}, {"model": "contenttypes.contenttype", "pk": 17, "fields": {"app_label": "courses", "model": "modulo"}}, {"model": "contenttypes.contenttype", "pk": 18, "fields": {"app_label": "courses", "model": "risposta"}}, {"model": "contenttypes.contenttype", "pk": 19, "fields": {"app_label": "courses", "model": "quiz"}}, {"model": "contenttypes.contenttype", "pk": 20, "fields": {"app_label": "courses", "model": "media"}}, {"model": "contenttypes.contenttype", "pk": 21, "fields": {"app_label": "courses", "model": "attestato"}}, {"model": "contenttypes.contenttype", "pk": 22, "fields": {"app_label": "courses", "model": "progressomodulo"}}, {"model": "contenttypes.contenttype", "pk": 23, "fields": {"app_label": "compliance", "model": "auditcategoria"}}, {"model": "contenttypes.contenttype", "pk": 24, "fields": {"app_label": "compliance", "model": "auditdomanda"}}, {"model": "contenttypes.contenttype", "pk": 25, "fields": {"app_label": "compliance", "model": "categoriadati"}}, {"model": "contenttypes.contenttype", "pk": 26, "fields": {"app_label": "compliance", "model": "categoriadocumento"}}, {"model": "contenttypes.contenttype", "pk": 27, "fields": {"app_label": "compliance", "model": "destinatario"}}, {"model": "contenttypes.contenttype", "pk": 28, "fields": {"app_label": "compliance", "model": "documentoaziendale"}}, {"model": "contenttypes.contenttype", "pk": 29, "fields": {"app_label": "compliance", "model": "domandachecklist"}}, {"model": "contenttypes.contenttype", "pk": 30, "fields": {"app_label": "compliance", "model": "paese"}}, {"model": "contenttypes.contenttype", "pk": 31, "fields": {"app_label": "compliance", "model": "soggettointeressato"}}, {"model": "contenttypes.contenttype", "pk": 32, "fields": {"app_label": "compliance", "model": "videosorveglianza"}}, {"model": "contenttypes.contenttype", "pk": 33, "fields": {"app_label": "compliance", "model": "versionedocumento"}}, {"model": "contenttypes.contenttype", "pk": 34, "fields": {"app_label": "compliance", "model": "valutazionetia"}}, {"model": "contenttypes.contenttype", "pk": 35, "fields": {"app_label": "compliance", "model": "trattamento"}}, {"model": "contenttypes.contenttype", "pk": 36, "fields": {"app_label": "compliance", "model": "templatedocumento"}}, {"model": "contenttypes.contenttype", "pk": 37, "fields": {"app_label": "compliance", "model": "software"}}, {"model": "contenttypes.contenttype", "pk": 38, "fields": {"app_label": "compliance", "model": "ruoloprivacy"}}, {"model": "contenttypes.contenttype", "pk": 39, "fields": {"app_label": "compliance", "model": "richiestainteressato"}}, {"model": "contenttypes.contenttype", "pk": 40, "fields": {"app_label": "compliance", "model": "incidente"}}, {"model": "contenttypes.contenttype", "pk": 41, "fields": {"app_label": "compliance", "model": "compito"}}, {"model": "contenttypes.contenttype", "pk": 42, "fields": {"app_label": "compliance", "model": "auditsession"}}, {"model": "contenttypes.contenttype", "pk": 43, "fields": {"app_label": "compliance", "model": "asset"}}, {"model": "contenttypes.contenttype", "pk": 44, "fields": {"app_label": "compliance", "model": "rispostachecklist"}}, {"model": "contenttypes.contenttype", "pk": 45, "fields": {"app_label": "compliance", "model": "auditrisposta"}}, {"model": "contenttypes.contenttype", "pk": 46, "fields": {"app_label": "compliance", "model": "referentecsirt"}}, {"model": "contenttypes.contenttype", "pk": 47, "fields": {"app_label": "compliance", "model": "notificaincidente"}}, {"model": "contenttypes.contenttype", "pk": 48, "fields": {"app_label": "compliance", "model": "moduloaziendale"}}, {"model": "contenttypes.contenttype", "pk": 49, "fields": {"app_label": "sites", "model": "site"}}, {"model": "contenttypes.contenttype", "pk": 50, "fields": {"app_label": "compliance", "model": "configurazionerete"}}, {"model": "contenttypes.contenttype", "pk": 51, "fields": {"app_label": "compliance", "model": "componenterete"}}, {"model": "contenttypes.contenttype", "pk": 52, "fields": {"app_label": "compliance", "model": "allegatonotifica"}}, {"model": "sessions.session", "pk": "a29qshv1s2fp3uecx2cf66348svlkwwl", "fields": {"session_data": ".eJxVjssOgjAQRf-la0NaqNBx6Re4cN8M8whEAwmFmGj8dymy0OXMuffMvEzEZe7ikmSKPZuTqczhd9ci3WTIYBszKDa6g-KCKT3Gia8Tkpz39J-iw9StfWCPIK1iA8FJaQOTKpSgzDUrsbNqHaJIOFbQKFqyTQgenfM1kM9SGoe03GWYJeKzXw_h92dn3h_FA0Pp:1vQq6o:STwQ65y4YJsE1NVGYMP7gUiGL5TsIse3i_13JloW1eM", "expire_date": "2025-12-17T16:53:42.341Z"}}, {"model": "sessions.session", "pk": "h3ea6i5pawsuwihijzwnh6ultvm91dmg", "fields": {"session_data": ".eJxVjssOgjAQRf-la0NaqNBx6Re4cN8M8whEAwmFmGj8dymy0OXMuffMvEzEZe7ikmSKPZuTqczhd9ci3WTIYBszKDa6g-KCKT3Gia8Tkpz39J-iw9StfWCPIK1iA8FJaQOTKpSgzDUrsbNqHaJIOFbQKFqyTQgenfM1kM9SGoe03GWYJeKzXw_h92dn3h_FA0Pp:1vTNVZ:M_lBtRaEdtWT1b-NfSIL_3MUICgJ1Jp0ron-48K4_nI", "expire_date": "2025-12-24T16:57:45.443Z"}}, {"model": "sites.site", "pk": 1, "fields": {"domain": "127.0.0.1:8000", "name": "HUB Compliance"}}, {"model": "user_auth.azienda", "pk": 1, "fields": {"nome": "Ferrari Spa", "p_iva": "012345895343", "indirizzo": "Via Ferrari, 10 Bologna", "mod_cruscotto": false, "mod_trattamenti": false, "mod_documenti": false, "mod_audit": false, "mod_incidenti": false, "mod_richieste": false, "mod_formazione": false, "mod_storico_audit": false, "mod_videosorveglianza": false, "mod_tia": false, "mod_organigramma": false, "mod_csirt": true, "logo_principale": "azienda_logo/None/il_794xN.5951476501_dtr4.jpg.webp", "logo_attestato": "azienda_attestato_logo/None/il_794xN.5951476501_dtr4.jpg.webp", "data_creazione": "2025-11-24T15:42:08.754Z", "is_active": true, "manager_users": [3]}}, {"model": "user_auth.azienda", "pk": 2, "fields": {"nome": "Mercedes", "p_iva": "3423433434", "indirizzo": "Via Mercedes, 10 Bologna", "mod_cruscotto": true, "mod_trattamenti": true, "mod_documenti": true, "mod_audit": true, "mod_incidenti": true, "mod_richieste": true, "mod_formazione": true, "mod_storico_audit": true, "mod_videosorveglianza": true, "mod_tia": true, "mod_organigramma": true, "mod_csirt": true, "logo_principale": "azienda_logo/None/Mercedes-Benz_Logo_2010.svg.png", "logo_attestato": "azienda_attestato_logo/None/Mercedes-Benz_Logo_2010.svg.png", "data_creazione": "2025-11-24T15:49:01.970Z", "is_active": true, "manager_users": [3]}}, {"model": "user_auth.azienda", "pk": 3, "fields": {"nome": "Maserati", "p_iva": "423423423", "indirizzo": null, "mod_cruscotto": true, "mod_trattamenti": true, "mod_documenti": true, "mod_audit": true, "mod_incidenti": true, "mod_richieste": true, "mod_formazione": true, "mod_storico_audit": true, "mod_videosorveglianza": true, "mod_tia": true, "mod_organigramma": true, "mod_csirt": true, "logo_principale": "azienda_logo/None/maserati.jpg", "logo_attestato": "azienda_attestato_logo/None/maserati.jpg", "data_creazione": "2025-11-24T15:49:47.602Z", "is_active": true, "manager_users": [3]}}, {"model": "user_auth.azienda", "pk": 4, "fields": {"nome": "REANULT", "p_iva": "q432423423423", "indirizzo": "Via Renault, 10 Bologna", "mod_cruscotto": true, "mod_trattamenti": true, "mod_documenti": true, "mod_audit": true, "mod_incidenti": true, "mod_richieste": true, "mod_formazione": true, "mod_storico_audit": true, "mod_videosorveglianza": true, "mod_tia": true, "mod_organigramma": true, "mod_csirt": true, "logo_principale": "azienda_logo/None/9fe323beb7.jpg", "logo_attestato": "azienda_attestato_logo/None/9fe323beb7.jpg", "data_creazione": "2025-12-01T15:49:29.707Z", "is_active": true, "manager_users": [3]}}, {"model": "user_auth.customuser", "pk": 1, "fields": {"password": "pbkdf2_sha256$600000$GZ6y3CjENnyMBoU2o1xEnA$4QZYrP1sOn3xaC2sNqVTeyaFyxlxZG9CyEQv6nC80R8=", "last_login": "2025-12-05T14:51:50.714Z", "is_superuser": true, "username": "gianluca.muggittu@gmail.com", "first_name": "Gianluca", "last_name": "Muggittu", "email": "gianluca.muggittu@gmail.com", "is_staff": true, "is_active": true, "date_joined": "2025-11-23T22:18:45.953Z", "ruolo": "ADMIN", "azienda": null, "telefono": null, "data_nascita": null, "is_dpo": false, "groups": [], "user_permissions": []}}, {"model": "user_auth.customuser", "pk": 3, "fields": {"password": "pbkdf2_sha256$600000$qgTJU6oVeUlRKtOFFOlSOF$AA2fFy2uMykNT4CHLDo5sBierISWLgkwiGa2uuTc+NQ=", "last_login": "2025-12-10T15:21:07.064Z", "is_superuser": false, "username": "consulente@prova.com", "first_name": "Martina", "last_name": "Lonardi", "email": "consulente@prova.com", "is_staff": false, "is_active": true, "date_joined": "2025-11-24T15:47:51Z", "ruolo": "CONSULENTE", "azienda": null, "telefono": null, "data_nascita": null, "is_dpo": false, "groups": [], "user_permissions": []}}, {"model": "user_auth.customuser", "pk": 4, "fields": {"password": "pbkdf2_sha256$600000$LQDRGR2nA8UkOlsqIyCIJe$S5VdA+7tu2Ow29/wEiajAHE5t/HAj6fYAL06X3kxehk=", "last_login": "2025-12-04T15:23:03.981Z", "is_superuser": false, "username": "referente999@test.com", "first_name": "Referente", "last_name": "Aziendale", "email": "referente999@test.com", "is_staff": false, "is_active": true, "date_joined": "2025-11-24T22:42:11Z", "ruolo": "REFERENTE", "azienda": 1, "telefono": null, "data_nascita": null, "is_dpo": false, "groups": [], "user_permissions": []}}, {"model": "user_auth.customuser", "pk": 5, "fields": {"password": "pbkdf2_sha256$600000$Ybb0nxA947z5VKMddUnntW$3GZJTMVwkvhTwG9t9XheAM4TjGlIOF9rdTs2h1JqJVE=", "last_login": "2025-12-01T10:58:57.524Z", "is_superuser": false, "username": "gianluca@muggittu.it", "first_name": "Gianluca", "last_name": "Muggittu", "email": "gianluca@muggittu.it", "is_staff": false, "is_active": true, "date_joined": "2025-12-01T10:26:37Z", "ruolo": "REFERENTE", "azienda": 1, "telefono": null, "data_nascita": null, "is_dpo": false, "groups": [], "user_permissions": []}}, {"model": "user_auth.customuser", "pk": 6, "fields": {"password": "pbkdf2_sha256$600000$RFJAbKWqPhfjRYAUlxmY3k$DT8jqtFKTXKorvP3LR2hD3m2GJkSV7G0glyGL+njDGY=", "last_login": null, "is_superuser": false, "username": "gianluca.muggittu@tiscali.it", "first_name": "Gianluca", "last_name": "Muggittu", "email": "gianluca.muggittu@tiscali.it", "is_staff": false, "is_active": true, "date_joined": "2025-12-01T22:20:34Z", "ruolo": "STUDENTE", "azienda": 1, "telefono": null, "data_nascita": null, "is_dpo": false, "groups": [], "user_permissions": []}}, {"model": "user_auth.consulente", "pk": 3, "fields": {"codice_albo": null}}, {"model": "courses.categoriacorso", "pk": 1, "fields": {"nome": "Privacy"}}, {"model": "courses.corso", "pk": 1, "fields": {"categoria": 1, "nome": "Data Privacy", "descrizione": "Questo corso fornisce una comprensione essenziale delle leggi sulla protezione dei dati (come il GDPR), dei principi di gestione del rischio e delle migliori pratiche per la salvaguardia delle informazioni personali. Imparerai a implementare misure di sicurezza efficaci, a gestire le violazioni dei dati e a garantire la conformità normativa all'interno di qualsiasi organizzazione. È fondamentale per professionisti che trattano dati, sviluppatori e chiunque voglia operare in modo etico e legale nell'era digitale.", "stato": "A", "durata_ore": "1.00", "is_obbligatorio": true}}, {"model": "courses.modulo", "pk": 1, "fields": {"corso": 1, "titolo": "Cosa sono i dati", "contenuto_html": "", "ordine": 1, "durata_minuti": 15}}, {"model": "courses.modulo", "pk": 2, "fields": {"corso": 1, "titolo": "Cosa vuol dire trattare un dato", "contenuto_html": null, "ordine": 2, "durata_minuti": 15}}, {"model": "courses.modulo", "pk": 3, "fields": {"corso": 1, "titolo": "La sicurezza necessaria in azienda", "contenuto_html": null, "ordine": 3, "durata_minuti": 15}}, {"model": "courses.modulo", "pk": 4, "fields": {"corso": 1, "titolo": "Il sistema sanzionatorio", "contenuto_html": null, "ordine": 3, "durata_minuti": 15}}, {"model": "courses.media", "pk": 1, "fields": {"modulo": 1, "nome": "Cosa sono i dati", "file": "corso_media/1_BenvenutiDisc_Email.mp4"}}, {"model": "courses.media", "pk": 2, "fields": {"modulo": 2, "nome": "Cosa vuol dire trattare un dato", "file": "corso_media/x2_Informativa_Clienti.mp4"}}, {"model": "courses.media", "pk": 3, "fields": {"modulo": 3, "nome": "La sicurezza necessaria in azienda", "file": "corso_media/x3_Informativa_Dipendenti.mp4"}}, {"model": "courses.media", "pk": 4, "fields": {"modulo": 4, "nome": "Il sistema sanzionatorio", "file": "corso_media/x4_Informativa_Fornitori.mp4"}}, {"model": "courses.quiz", "pk": 1, "fields": {"modulo": 1, "titolo": "Cosa sono i dati", "punteggio_minimo": 70}}, {"model": "courses.quiz", "pk": 2, "fields": {"modulo": 2, "titolo": "Cosa vuol dire trattare un dato", "punteggio_minimo": 70}}, {"model": "courses.quiz", "pk": 3, "fields": {"modulo": 3, "titolo": "La sicurezza necessaria in azienda", "punteggio_minimo": 70}}, {"model": "courses.quiz", "pk": 4, "fields": {"modulo": 4, "titolo": "Il sistema sanzionatorio", "punteggio_minimo": 70}}, {"model": "courses.domanda", "pk": 1, "fields": {"quiz": 1, "testo": "Domanda numero 2", "ordine": 2}}, {"model": "courses.domanda", "pk": 2, "fields": {"quiz": 1, "testo": "domanda numero 3", "ordine": 3}}, {"model": "courses.domanda", "pk": 3, "fields": {"quiz": 1, "testo": "domanda numero 1", "ordine": 1}}, {"model": "courses.domanda", "pk": 4, "fields": {"quiz": 2, "testo": "domanda numero 1", "ordine": 1}}, {"model": "courses.domanda", "pk": 5, "fields": {"quiz": 2, "testo": "domanda numero 2", "ordine": 2}}, {"model": "courses.domanda", "pk": 6, "fields": {"quiz": 2, "testo": "domanda numero 3", "ordine": 3}}, {"model": "courses.domanda", "pk": 7, "fields": {"quiz": 2, "testo": "domanda numero 4", "ordine": 4}}, {"model": "courses.domanda", "pk": 8, "fields": {"quiz": 3, "testo": "domanda numero 1", "ordine": 1}}, {"model": "courses.domanda", "pk": 9, "fields": {"quiz": 3, "testo": "domanda numero 2", "ordine": 2}}, {"model": "courses.domanda", "pk": 10, "fields": {"quiz": 3, "testo": "domanda numero 3", "ordine": 3}}, {"model": "courses.domanda", "pk": 11, "fields": {"quiz": 3, "testo": "domanda numero 4", "ordine": 4}}, {"model": "courses.domanda", "pk": 12, "fields": {"quiz": 4, "testo": "domanda numero 1", "ordine": 1}}, {"model": "courses.domanda", "pk": 13, "fields": {"quiz": 4, "testo": "domanda numero 2", "ordine": 2}}, {"model": "courses.domanda", "pk": 14, "fields": {"quiz": 4, "testo": "domanda numero 3", "ordine": 3}}, {"model": "courses.domanda", "pk": 15, "fields": {"quiz": 4, "testo": "domanda numero 4", "ordine": 4}}, {"model": "courses.domanda", "pk": 16, "fields": {"quiz": 1, "testo": "domanda numero 4", "ordine": 4}}, {"model": "courses.risposta", "pk": 1, "fields": {"domanda": 1, "testo": "vera", "is_corretta": true}}, {"model": "courses.risposta", "pk": 2, "fields": {"domanda": 1, "testo": "falsa", "is_corretta": false}}, {"model": "courses.risposta", "pk": 3, "fields": {"domanda": 4, "testo": "vera", "is_corretta": true}}, {"model": "courses.risposta", "pk": 4, "fields": {"domanda": 4, "testo": "falsa", "is_corretta": false}}, {"model": "courses.risposta", "pk": 5, "fields": {"domanda": 3, "testo": "vera", "is_corretta": true}}, {"model": "courses.risposta", "pk": 6, "fields": {"domanda": 3, "testo": "falsa", "is_corretta": false}}, {"model": "courses.risposta", "pk": 7, "fields": {"domanda": 2, "testo": "vera", "is_corretta": true}}, {"model": "courses.risposta", "pk": 8, "fields": {"domanda": 2, "testo": "falsa", "is_corretta": false}}, {"model": "courses.risposta", "pk": 9, "fields": {"domanda": 16, "testo": "vera", "is_corretta": true}}, {"model": "courses.risposta", "pk": 10, "fields": {"domanda": 16, "testo": "falsa", "is_corretta": false}}, {"model": "courses.risposta", "pk": 11, "fields": {"domanda": 5, "testo": "vera", "is_corretta": true}}, {"model": "courses.risposta", "pk": 12, "fields": {"domanda": 5, "testo": "falsa", "is_corretta": false}}, {"model": "courses.risposta", "pk": 13, "fields": {"domanda": 6, "testo": "vera", "is_corretta": true}}, {"model": "courses.risposta", "pk": 14, "fields": {"domanda": 6, "testo": "falsa", "is_corretta": false}}, {"model": "courses.risposta", "pk": 15, "fields": {"domanda": 7, "testo": "vera", "is_corretta": true}}, {"model": "courses.risposta", "pk": 16, "fields": {"domanda": 7, "testo": "falsa", "is_corretta": false}}, {"model": "courses.risposta", "pk": 17, "fields": {"domanda": 8, "testo": "vera", "is_corretta": true}}, {"model": "courses.risposta", "pk": 18, "fields": {"domanda": 8, "testo": "falsa", "is_corretta": false}}, {"model": "courses.risposta", "pk": 19, "fields": {"domanda": 9, "testo": "vera", "is_corretta": true}}, {"model": "courses.risposta", "pk": 20, "fields": {"domanda": 9, "testo": "falsa", "is_corretta": false}}, {"model": "courses.risposta", "pk": 21, "fields": {"domanda": 10, "testo": "vera", "is_corretta": true}}, {"model": "courses.risposta", "pk": 22, "fields": {"domanda": 10, "testo": "falsa", "is_corretta": false}}, {"model": "courses.risposta", "pk": 23, "fields": {"domanda": 11, "testo": "vera", "is_corretta": true}}, {"model": "courses.risposta", "pk": 24, "fields": {"domanda": 11, "testo": "falsa", "is_corretta": false}}, {"model": "courses.risposta", "pk": 25, "fields": {"domanda": 12, "testo": "vera", "is_corretta": true}}, {"model": "courses.risposta", "pk": 26, "fields": {"domanda": 12, "testo": "falsa", "is_corretta": false}}, {"model": "courses.risposta", "pk": 27, "fields": {"domanda": 13, "testo": "vera", "is_corretta": true}}, {"model": "courses.risposta", "pk": 28, "fields": {"domanda": 13, "testo": "falsa", "is_corretta": false}}, {"model": "courses.risposta", "pk": 29, "fields": {"domanda": 14, "testo": "vera", "is_corretta": true}}, {"model": "courses.risposta", "pk": 30, "fields": {"domanda": 14, "testo": "falsa", "is_corretta": false}}, {"model": "courses.risposta", "pk": 31, "fields": {"domanda": 15, "testo": "vera", "is_corretta": true}}, {"model": "courses.risposta", "pk": 32, "fields": {"domanda": 15, "testo": "falsa", "is_corretta": false}}, {"model": "courses.impostazionisito", "pk": 1, "fields": {"nome_piattaforma": "Compliance HUB", "colore_primario": "#005a9c", "colore_secondario": "#F8F9FA", "logo_principale": "site_media/config/HUB_Compliance_Wordmark_Logo_with_Shield_and_Lock.png", "email_service_id": "service_ll3lijj", "email_public_key": "yjnjud9vgWLK4twHi", "email_private_key": "-5yr2Enl6Gm700goJ9GJC", "email_template_id": "template_ndl2h8w", "email_reset_template_id": "template_ndl2h8w", "email_scadenza_template_id": "template_5afoedn", "email_scadenza_compito_id": "template_0gx41my", "gemini_api_key": "AIzaSyAH2W0AOHhgyrFe0_w97FUyaMXZjP9LV0Y", "template_nomina_csirt": "site_media/config/Nomina_Referente_CSIRT_Template_D2JvcAm.docx"}}, {"model": "compliance.categoriadocumento", "pk": 1, "fields": {"nome": "Informative"}}, {"model": "compliance.auditcategoria", "pk": 1, "fields": {"nome": "1. Governance e Responsabilità (Accountability)", "ordine": 1}}, {"model": "compliance.auditcategoria", "pk": 2, "fields": {"nome": "2. Mappatura e Registro dei Trattamenti", "ordine": 2}}, {"model": "compliance.auditcategoria", "pk": 3, "fields": {"nome": "3. Basi Giuridiche e Informative", "ordine": 3}}, {"model": "compliance.auditcategoria", "pk": 4, "fields": {"nome": "4. Diritti degli Interessati", "ordine": 4}}, {"model": "compliance.auditcategoria", "pk": 5, "fields": {"nome": "5. Sicurezza e Data Breach", "ordine": 5}}, {"model": "compliance.auditcategoria", "pk": 6, "fields": {"nome": "6. Terze Parti (Responsabili Esterni)", "ordine": 6}}, {"model": "compliance.auditcategoria", "pk": 7, "fields": {"nome": "7. Privacy by Design e DPIA", "ordine": 7}}, {"model": "compliance.auditdomanda", "pk": 1, "fields": {"categoria": 1, "testo": "L'azienda ha identificato e formalizzato chi è il \"Titolare del Trattamento\" (solitamente l'azienda stessa)? (Sì/No)", "ordine": 1}}, {"model": "compliance.auditdomanda", "pk": 2, "fields": {"categoria": 1, "testo": "È stato nominato un Responsabile della Protezione dei Dati (DPO/RPD), sia interno che esterno? (Sì/No)", "ordine": 2}}, {"model": "compliance.auditdomanda", "pk": 3, "fields": {"categoria": 1, "testo": "Esiste una politica privacy interna (un regolamento) comunicata a tutti i dipendenti? (Sì/No)", "ordine": 3}}, {"model": "compliance.auditdomanda", "pk": 4, "fields": {"categoria": 1, "testo": "Tutti i dipendenti e collaboratori che trattano dati hanno ricevuto una formazione base sul GDPR? (Sì/No)", "ordine": 4}}, {"model": "compliance.auditdomanda", "pk": 5, "fields": {"categoria": 1, "testo": "Sono state distribuite e firmate le \"lettere di autorizzazione\" (o incarico) per il personale che tratta dati? (Sì/No)", "ordine": 5}}, {"model": "compliance.auditdomanda", "pk": 6, "fields": {"categoria": 1, "testo": "L'azienda documenta le proprie scelte e valutazioni in materia di privacy (es. verbali, analisi)? (Sì/No)", "ordine": 6}}, {"model": "compliance.auditdomanda", "pk": 7, "fields": {"categoria": 2, "testo": "È stato redatto e viene mantenuto aggiornato il \"Registro delle Attività di Trattamento\"? (Sì/No)", "ordine": 1}}, {"model": "compliance.auditdomanda", "pk": 8, "fields": {"categoria": 2, "testo": "Il Registro elenca chiaramente perché i dati vengono raccolti (le finalità)? (Sì/No)", "ordine": 2}}, {"model": "compliance.auditdomanda", "pk": 9, "fields": {"categoria": 2, "testo": "Il Registro elenca quali categorie di dati vengono raccolte (es. anagrafici, bancari, sanitari)? (Sì/No)", "ordine": 3}}, {"model": "compliance.auditdomanda", "pk": 10, "fields": {"categoria": 2, "testo": "Il Registro indica per quanto tempo i dati vengono conservati (tempi di conservazione)? (Sì/No)", "ordine": 4}}, {"model": "compliance.auditdomanda", "pk": 11, "fields": {"categoria": 2, "testo": "Sono stati mappati i flussi di dati (sappiamo dove vanno i dati, chi li vede)? (Sì/No)", "ordine": 5}}, {"model": "compliance.auditdomanda", "pk": 12, "fields": {"categoria": 3, "testo": "Per ogni trattamento nel Registro, è stata identificata una base giuridica valida (es. contratto, consenso, obbligo legale)?", "ordine": 1}}, {"model": "compliance.auditdomanda", "pk": 13, "fields": {"categoria": 3, "testo": "L'azienda ha un'informativa privacy (policy) aggiornata sul proprio sito web? (Sì/No)", "ordine": 2}}, {"model": "compliance.auditdomanda", "pk": 14, "fields": {"categoria": 3, "testo": "L'azienda fornisce un'informativa specifica ai propri dipendenti? (Sì/No)", "ordine": 3}}, {"model": "compliance.auditdomanda", "pk": 15, "fields": {"categoria": 3, "testo": "L'azienda fornisce un'informativa specifica ai propri clienti/utenti? (Sì/No)", "ordine": 4}}, {"model": "compliance.auditdomanda", "pk": 16, "fields": {"categoria": 3, "testo": "Quando si chiede il consenso (es. per il marketing), questo è separato da altre richieste (es. accettazione contratto)? (Sì/No)", "ordine": 5}}, {"model": "compliance.auditdomanda", "pk": 17, "fields": {"categoria": 3, "testo": "Esiste un sistema per registrare e dimostrare il consenso (es. data, ora, testo dell'informativa) ricevuto? (Sì/No)", "ordine": 6}}, {"model": "compliance.auditdomanda", "pk": 18, "fields": {"categoria": 4, "testo": "Esiste una procedura chiara e un referente interno per gestire le richieste degli interessati (es. richiesta di accesso, cancellazione)? (Sì/No)", "ordine": 1}}, {"model": "compliance.auditdomanda", "pk": 19, "fields": {"categoria": 4, "testo": "L'azienda ha un indirizzo email o un modulo dedicato (e indicato nelle informative) per l'esercizio dei diritti? (Sì/No)", "ordine": 2}}, {"model": "compliance.auditdomanda", "pk": 20, "fields": {"categoria": 4, "testo": "L'azienda è tecnicamente in grado di trovare tutti i dati di una persona che ne fa richiesta? (Sì/No)", "ordine": 3}}, {"model": "compliance.auditdomanda", "pk": 21, "fields": {"categoria": 4, "testo": "L'azienda è tecnicamente in grado di cancellare (diritto all'oblio) i dati di una persona, dove previsto dalla legge? (Sì/No)", "ordine": 4}}, {"model": "compliance.auditdomanda", "pk": 22, "fields": {"categoria": 4, "testo": "L'azienda è in grado di rispondere a una richiesta entro i termini di legge (30 giorni)? (Sì/No)", "ordine": 5}}, {"model": "compliance.auditdomanda", "pk": 23, "fields": {"categoria": 5, "testo": "Esistono misure di sicurezza di base (es. antivirus aggiornati, firewall) sui dispositivi aziendali? (Sì/No)", "ordine": 1}}, {"model": "compliance.auditdomanda", "pk": 24, "fields": {"categoria": 5, "testo": "I dati sensibili o critici sono protetti da crittografia (es. sui dischi dei portatili, su cloud)? (Sì/No)", "ordine": 2}}, {"model": "compliance.auditdomanda", "pk": 25, "fields": {"categoria": 5, "testo": "L'accesso ai dati è limitato solo al personale che ne ha effettivamente bisogno per lavorare? (Sì/No)", "ordine": 3}}, {"model": "compliance.auditdomanda", "pk": 26, "fields": {"categoria": 5, "testo": "Esiste una policy per la gestione delle password (es. complessità, cambio regolare)? (Sì/No)", "ordine": 4}}, {"model": "compliance.auditdomanda", "pk": 27, "fields": {"categoria": 5, "testo": "Vengono eseguiti backup regolari dei dati? (Sì/No)", "ordine": 6}}, {"model": "compliance.auditdomanda", "pk": 28, "fields": {"categoria": 5, "testo": "Esiste una procedura scritta da seguire in caso di violazione dei dati (Data Breach)? (Sì/No)", "ordine": 6}}, {"model": "compliance.auditdomanda", "pk": 29, "fields": {"categoria": 5, "testo": "Il personale è stato istruito su come riconoscere e segnalare immediatamente una sospetta violazione? (Sì/No)", "ordine": 7}}, {"model": "compliance.auditdomanda", "pk": 30, "fields": {"categoria": 6, "testo": "Esiste un elenco di tutti i fornitori esterni (terze parti) che trattano dati per conto dell'azienda? (Sì/No)", "ordine": 1}}, {"model": "compliance.auditdomanda", "pk": 31, "fields": {"categoria": 6, "testo": "Per ognuno di questi fornitori, è stato firmato un atto di nomina a \"Responsabile del Trattamento\" (Art. 28 GDPR)? (Sì/No)", "ordine": 2}}, {"model": "compliance.auditdomanda", "pk": 32, "fields": {"categoria": 6, "testo": "L'azienda ha verificato che questi fornitori offrano garanzie di sicurezza e compliance adeguate? (Sì/No)", "ordine": 3}}, {"model": "compliance.auditdomanda", "pk": 33, "fields": {"categoria": 6, "testo": "L'azienda sa se i suoi fornitori (es. servizi cloud, software) trasferiscono dati al di fuori dell'Unione Europea? (Sì/No)", "ordine": 4}}, {"model": "compliance.auditdomanda", "pk": 34, "fields": {"categoria": 6, "testo": "Se sì alla precedente, sono state messe in atto le garanzie legali necessarie (es. Clausole Contrattuali Standard)? (Sì/No)", "ordine": 5}}, {"model": "compliance.auditdomanda", "pk": 35, "fields": {"categoria": 7, "testo": "Quando si avvia un nuovo progetto (o si acquista un nuovo software), si valuta l'impatto sulla privacy prima di iniziare? (Privacy by Design) (Sì/No)", "ordine": 1}}, {"model": "compliance.auditdomanda", "pk": 36, "fields": {"categoria": 7, "testo": "L'azienda applica il principio di \"minimizzazione\" (raccoglie solo i dati strettamente necessari)? (Sì/No)", "ordine": 2}}, {"model": "compliance.auditdomanda", "pk": 37, "fields": {"categoria": 7, "testo": "L'azienda adotta impostazioni di default che tutelano la privacy (es. caselle di consenso marketing non pre-spuntate)? (Privacy by Default) (Sì/No)", "ordine": 2}}, {"model": "compliance.auditdomanda", "pk": 38, "fields": {"categoria": 7, "testo": "L'azienda ha valutato se svolge trattamenti a \"rischio elevato\" (es. monitoraggio dipendenti, dati sanitari su larga scala)? (Sì/No)", "ordine": 3}}, {"model": "compliance.auditdomanda", "pk": 39, "fields": {"categoria": 7, "testo": "Se sì alla precedente, è stata condotta una Valutazione d'Impatto (DPIA)? (Sì/No)", "ordine": 4}}, {"model": "compliance.auditdomanda", "pk": 40, "fields": {"categoria": 7, "testo": "Esiste una procedura per la distruzione sicura dei dati (cartacei e digitali) alla fine del periodo di conservazione? (Sì/N", "ordine": 5}}, {"model": "compliance.auditsession", "pk": 1, "fields": {"azienda": 1, "data_creazione": "2025-11-25T23:03:59.164Z", "creato_da": 3, "completato": false, "note": ""}}, {"model": "compliance.auditsession", "pk": 2, "fields": {"azienda": 1, "data_creazione": "2025-11-25T23:18:04.358Z", "creato_da": 3, "completato": false, "note": ""}}, {"model": "compliance.auditsession", "pk": 3, "fields": {"azienda": 1, "data_creazione": "2025-11-24T21:57:59.041Z", "creato_da": 3, "completato": false, "note": ""}}, {"model": "compliance.auditsession", "pk": 4, "fields": {"azienda": 1, "data_creazione": "2025-11-24T22:02:09.478Z", "creato_da": 3, "completato": false, "note": ""}}, {"model": "compliance.auditsession", "pk": 5, "fields": {"azienda": 1, "data_creazione": "2025-11-24T22:08:58.557Z", "creato_da": 3, "completato": false, "note": ""}}, {"model": "compliance.auditsession", "pk": 6, "fields": {"azienda": 1, "data_creazione": "2025-11-25T18:42:01.680Z", "creato_da": 3, "completato": false, "note": ""}}, {"model": "compliance.auditsession", "pk": 7, "fields": {"azienda": 1, "data_creazione": "2025-11-25T22:53:36.864Z", "creato_da": 3, "completato": false, "note": ""}}, {"model": "compliance.auditsession", "pk": 8, "fields": {"azienda": 1, "data_creazione": "2025-11-25T23:11:37.977Z", "creato_da": 3, "completato": false, "note": ""}}, {"model": "compliance.auditsession", "pk": 9, "fields": {"azienda": 1, "data_creazione": "2025-11-25T23:18:40.407Z", "creato_da": 3, "completato": false, "note": ""}}, {"model": "compliance.auditsession", "pk": 10, "fields": {"azienda": 1, "data_creazione": "2025-11-26T10:25:52.309Z", "creato_da": 3, "completato": false, "note": ""}}, {"model": "compliance.auditrisposta", "pk": 1, "fields": {"sessione": 2, "domanda": 1, "risposta": false, "note": ""}}, {"model": "compliance.auditrisposta", "pk": 2, "fields": {"sessione": 2, "domanda": 2, "risposta": false, "note": ""}}, {"model": "compliance.auditrisposta", "pk": 3, "fields": {"sessione": 2, "domanda": 3, "risposta": false, "note": ""}}, {"model": "compliance.auditrisposta", "pk": 4, "fields": {"sessione": 2, "domanda": 4, "risposta": false, "note": ""}}, {"model": "compliance.auditrisposta", "pk": 5, "fields": {"sessione": 2, "domanda": 5, "risposta": false, "note": ""}}, {"model": "compliance.auditrisposta", "pk": 6, "fields": {"sessione": 2, "domanda": 6, "risposta": false, "note": ""}}, {"model": "compliance.auditrisposta", "pk": 7, "fields": {"sessione": 2, "domanda": 7, "risposta": false, "note": ""}}, {"model": "compliance.auditrisposta", "pk": 8, "fields": {"sessione": 2, "domanda": 8, "risposta": false, "note": ""}}, {"model": "compliance.auditrisposta", "pk": 9, "fields": {"sessione": 2, "domanda": 9, "risposta": false, "note": ""}}, {"model": "compliance.auditrisposta", "pk": 10, "fields": {"sessione": 2, "domanda": 10, "risposta": false, "note": ""}}, {"model": "compliance.auditrisposta", "pk": 11, "fields": {"sessione": 2, "domanda": 11, "risposta": false, "note": ""}}, {"model": "compliance.auditrisposta", "pk": 12, "fields": {"sessione": 2, "domanda": 12, "risposta": false, "note": ""}}, {"model": "compliance.auditrisposta", "pk": 13, "fields": {"sessione": 2, "domanda": 13, "risposta": false, "note": ""}}, {"model": "compliance.auditrisposta", "pk": 14, "fields": {"sessione": 2, "domanda": 14, "risposta": false, "note": ""}}, {"model": "compliance.auditrisposta", "pk": 15, "fields": {"sessione": 2, "domanda": 15, "risposta": false, "note": ""}}, {"model": "compliance.auditrisposta", "pk": 16, "fields": {"sessione": 2, "domanda": 16, "risposta": false, "note": ""}}, {"model": "compliance.auditrisposta", "pk": 17, "fields": {"sessione": 2, "domanda": 17, "risposta": false, "note": ""}}, {"model": "compliance.auditrisposta", "pk": 18, "fields": {"sessione": 2, "domanda": 18, "risposta": false, "note": ""}}, {"model": "compliance.auditrisposta", "pk": 19, "fields": {"sessione": 2, "domanda": 19, "risposta": false, "note": ""}}, {"model": "compliance.auditrisposta", "pk": 20, "fields": {"sessione": 2, "domanda": 20, "risposta": false, "note": ""}}, {"model": "compliance.auditrisposta", "pk": 21, "fields": {"sessione": 2, "domanda": 21, "risposta": false, "note": ""}}, {"model": "compliance.auditrisposta", "pk": 22, "fields": {"sessione": 2, "domanda": 22, "risposta": false, "note": ""}}, {"model": "compliance.auditrisposta", "pk": 23, "fields": {"sessione": 2, "domanda": 23, "risposta": false, "note": ""}}, {"model": "compliance.auditrisposta", "pk": 24, "fields": {"sessione": 2, "domanda": 24, "risposta": false, "note": ""}}, {"model": "compliance.auditrisposta", "pk": 25, "fields": {"sessione": 2, "domanda": 25, "risposta": false, "note": ""}}, {"model": "compliance.auditrisposta", "pk": 26, "fields": {"sessione": 2, "domanda": 26, "risposta": false, "note": ""}}, {"model": "compliance.auditrisposta", "pk": 27, "fields": {"sessione": 2, "domanda": 27, "risposta": false, "note": ""}}, {"model": "compliance.auditrisposta", "pk": 28, "fields": {"sessione": 2, "domanda": 28, "risposta": false, "note": ""}}, {"model": "compliance.auditrisposta", "pk": 29, "fields": {"sessione": 2, "domanda": 29, "risposta": false, "note": ""}}, {"model": "compliance.auditrisposta", "pk": 30, "fields": {"sessione": 2, "domanda": 30, "risposta": false, "note": ""}}, {"model": "compliance.auditrisposta", "pk": 31, "fields": {"sessione": 2, "domanda": 31, "risposta": false, "note": ""}}, {"model": "compliance.auditrisposta", "pk": 32, "fields": {"sessione": 2, "domanda": 32, "risposta": false, "note": ""}}, {"model": "compliance.auditrisposta", "pk": 33, "fields": {"sessione": 2, "domanda": 33, "risposta": false, "note": ""}}, {"model": "compliance.auditrisposta", "pk": 34, "fields": {"sessione": 2, "domanda": 34, "risposta": false, "note": ""}}, {"model": "compliance.auditrisposta", "pk": 35, "fields": {"sessione": 2, "domanda": 35, "risposta": false, "note": ""}}, {"model": "compliance.auditrisposta", "pk": 36, "fields": {"sessione": 2, "domanda": 36, "risposta": false, "note": ""}}, {"model": "compliance.auditrisposta", "pk": 37, "fields": {"sessione": 2, "domanda": 37, "risposta": false, "note": ""}}, {"model": "compliance.auditrisposta", "pk": 38, "fields": {"sessione": 2, "domanda": 38, "risposta": false, "note": ""}}, {"model": "compliance.auditrisposta", "pk": 39, "fields": {"sessione": 2, "domanda": 39, "risposta": false, "note": ""}}, {"model": "compliance.auditrisposta", "pk": 40, "fields": {"sessione": 2, "domanda": 40, "risposta": false, "note": ""}}, {"model": "compliance.auditrisposta", "pk": 41, "fields": {"sessione": 3, "domanda": 1, "risposta": false, "note": ""}}, {"model": "compliance.auditrisposta", "pk": 42, "fields": {"sessione": 3, "domanda": 2, "risposta": false, "note": ""}}, {"model": "compliance.auditrisposta", "pk": 43, "fields": {"sessione": 3, "domanda": 3, "risposta": false, "note": ""}}, {"model": "compliance.auditrisposta", "pk": 44, "fields": {"sessione": 3, "domanda": 4, "risposta": false, "note": ""}}, {"model": "compliance.auditrisposta", "pk": 45, "fields": {"sessione": 3, "domanda": 5, "risposta": false, "note": ""}}, {"model": "compliance.auditrisposta", "pk": 46, "fields": {"sessione": 3, "domanda": 6, "risposta": false, "note": ""}}, {"model": "compliance.auditrisposta", "pk": 47, "fields": {"sessione": 3, "domanda": 7, "risposta": false, "note": ""}}, {"model": "compliance.auditrisposta", "pk": 48, "fields": {"sessione": 3, "domanda": 8, "risposta": false, "note": ""}}, {"model": "compliance.auditrisposta", "pk": 49, "fields": {"sessione": 3, "domanda": 9, "risposta": false, "note": ""}}, {"model": "compliance.auditrisposta", "pk": 50, "fields": {"sessione": 3, "domanda": 10, "risposta": false, "note": ""}}, {"model": "compliance.auditrisposta", "pk": 51, "fields": {"sessione": 3, "domanda": 11, "risposta": false, "note": ""}}, {"model": "compliance.auditrisposta", "pk": 52, "fields": {"sessione": 3, "domanda": 12, "risposta": false, "note": ""}}, {"model": "compliance.auditrisposta", "pk": 53, "fields": {"sessione": 3, "domanda": 13, "risposta": false, "note": ""}}, {"model": "compliance.auditrisposta", "pk": 54, "fields": {"sessione": 3, "domanda": 14, "risposta": false, "note": ""}}, {"model": "compliance.auditrisposta", "pk": 55, "fields": {"sessione": 3, "domanda": 15, "risposta": false, "note": ""}}, {"model": "compliance.auditrisposta", "pk": 56, "fields": {"sessione": 3, "domanda": 16, "risposta": false, "note": ""}}, {"model": "compliance.auditrisposta", "pk": 57, "fields": {"sessione": 3, "domanda": 17, "risposta": false, "note": ""}}, {"model": "compliance.auditrisposta", "pk": 58, "fields": {"sessione": 3, "domanda": 18, "risposta": false, "note": ""}}, {"model": "compliance.auditrisposta", "pk": 59, "fields": {"sessione": 3, "domanda": 19, "risposta": false, "note": ""}}, {"model": "compliance.auditrisposta", "pk": 60, "fields": {"sessione": 3, "domanda": 20, "risposta": false, "note": ""}}, {"model": "compliance.auditrisposta", "pk": 61, "fields": {"sessione": 3, "domanda": 21, "risposta": false, "note": ""}}, {"model": "compliance.auditrisposta", "pk": 62, "fields": {"sessione": 3, "domanda": 22, "risposta": false, "note": ""}}, {"model": "compliance.auditrisposta", "pk": 63, "fields": {"sessione": 3, "domanda": 23, "risposta": false, "note": ""}}, {"model": "compliance.auditrisposta", "pk": 64, "fields": {"sessione": 3, "domanda": 24, "risposta": false, "note": ""}}, {"model": "compliance.auditrisposta", "pk": 65, "fields": {"sessione": 3, "domanda": 25, "risposta": false, "note": ""}}, {"model": "compliance.auditrisposta", "pk": 66, "fields": {"sessione": 3, "domanda": 26, "risposta": false, "note": ""}}, {"model": "compliance.auditrisposta", "pk": 67, "fields": {"sessione": 3, "domanda": 27, "risposta": false, "note": ""}}, {"model": "compliance.auditrisposta", "pk": 68, "fields": {"sessione": 3, "domanda": 28, "risposta": false, "note": ""}}, {"model": "compliance.auditrisposta", "pk": 69, "fields": {"sessione": 3, "domanda": 29, "risposta": false, "note": ""}}, {"model": "compliance.auditrisposta", "pk": 70, "fields": {"sessione": 3, "domanda": 30, "risposta": false, "note": ""}}, {"model": "compliance.auditrisposta", "pk": 71, "fields": {"sessione": 3, "domanda": 31, "risposta": false, "note": ""}}, {"model": "compliance.auditrisposta", "pk": 72, "fields": {"sessione": 3, "domanda": 32, "risposta": false, "note": ""}}, {"model": "compliance.auditrisposta", "pk": 73, "fields": {"sessione": 3, "domanda": 33, "risposta": false, "note": ""}}, {"model": "compliance.auditrisposta", "pk": 74, "fields": {"sessione": 3, "domanda": 34, "risposta": false, "note": ""}}, {"model": "compliance.auditrisposta", "pk": 75, "fields": {"sessione": 3, "domanda": 35, "risposta": false, "note": ""}}, {"model": "compliance.auditrisposta", "pk": 76, "fields": {"sessione": 3, "domanda": 36, "risposta": false, "note": ""}}, {"model": "compliance.auditrisposta", "pk": 77, "fields": {"sessione": 3, "domanda": 37, "risposta": false, "note": ""}}, {"model": "compliance.auditrisposta", "pk": 78, "fields": {"sessione": 3, "domanda": 38, "risposta": false, "note": ""}}, {"model": "compliance.auditrisposta", "pk": 79, "fields": {"sessione": 3, "domanda": 39, "risposta": false, "note": ""}}, {"model": "compliance.auditrisposta", "pk": 80, "fields": {"sessione": 3, "domanda": 40, "risposta": false, "note": ""}}, {"model": "compliance.auditrisposta", "pk": 81, "fields": {"sessione": 4, "domanda": 1, "risposta": false, "note": ""}}, {"model": "compliance.auditrisposta", "pk": 82, "fields": {"sessione": 4, "domanda": 2, "risposta": false, "note": ""}}, {"model": "compliance.auditrisposta", "pk": 83, "fields": {"sessione": 4, "domanda": 3, "risposta": false, "note": ""}}, {"model": "compliance.auditrisposta", "pk": 84, "fields": {"sessione": 4, "domanda": 4, "risposta": false, "note": ""}}, {"model": "compliance.auditrisposta", "pk": 85, "fields": {"sessione": 4, "domanda": 5, "risposta": false, "note": ""}}, {"model": "compliance.auditrisposta", "pk": 86, "fields": {"sessione": 4, "domanda": 6, "risposta": false, "note": ""}}, {"model": "compliance.auditrisposta", "pk": 87, "fields": {"sessione": 4, "domanda": 7, "risposta": false, "note": ""}}, {"model": "compliance.auditrisposta", "pk": 88, "fields": {"sessione": 4, "domanda": 8, "risposta": false, "note": ""}}, {"model": "compliance.auditrisposta", "pk": 89, "fields": {"sessione": 4, "domanda": 9, "risposta": false, "note": ""}}, {"model": "compliance.auditrisposta", "pk": 90, "fields": {"sessione": 4, "domanda": 10, "risposta": false, "note": ""}}, {"model": "compliance.auditrisposta", "pk": 91, "fields": {"sessione": 4, "domanda": 11, "risposta": false, "note": ""}}, {"model": "compliance.auditrisposta", "pk": 92, "fields": {"sessione": 4, "domanda": 12, "risposta": false, "note": ""}}, {"model": "compliance.auditrisposta", "pk": 93, "fields": {"sessione": 4, "domanda": 13, "risposta": false, "note": ""}}, {"model": "compliance.auditrisposta", "pk": 94, "fields": {"sessione": 4, "domanda": 14, "risposta": false, "note": ""}}, {"model": "compliance.auditrisposta", "pk": 95, "fields": {"sessione": 4, "domanda": 15, "risposta": false, "note": ""}}, {"model": "compliance.auditrisposta", "pk": 96, "fields": {"sessione": 4, "domanda": 16, "risposta": false, "note": ""}}, {"model": "compliance.auditrisposta", "pk": 97, "fields": {"sessione": 4, "domanda": 17, "risposta": false, "note": ""}}, {"model": "compliance.auditrisposta", "pk": 98, "fields": {"sessione": 4, "domanda": 18, "risposta": false, "note": ""}}, {"model": "compliance.auditrisposta", "pk": 99, "fields": {"sessione": 4, "domanda": 19, "risposta": false, "note": ""}}, {"model": "compliance.auditrisposta", "pk": 100, "fields": {"sessione": 4, "domanda": 20, "risposta": false, "note": ""}}, {"model": "compliance.auditrisposta", "pk": 101, "fields": {"sessione": 4, "domanda": 21, "risposta": false, "note": ""}}, {"model": "compliance.auditrisposta", "pk": 102, "fields": {"sessione": 4, "domanda": 22, "risposta": false, "note": ""}}, {"model": "compliance.auditrisposta", "pk": 103, "fields": {"sessione": 4, "domanda": 23, "risposta": false, "note": ""}}, {"model": "compliance.auditrisposta", "pk": 104, "fields": {"sessione": 4, "domanda": 24, "risposta": false, "note": ""}}, {"model": "compliance.auditrisposta", "pk": 105, "fields": {"sessione": 4, "domanda": 25, "risposta": false, "note": ""}}, {"model": "compliance.auditrisposta", "pk": 106, "fields": {"sessione": 4, "domanda": 26, "risposta": false, "note": ""}}, {"model": "compliance.auditrisposta", "pk": 107, "fields": {"sessione": 4, "domanda": 27, "risposta": false, "note": ""}}, {"model": "compliance.auditrisposta", "pk": 108, "fields": {"sessione": 4, "domanda": 28, "risposta": false, "note": ""}}, {"model": "compliance.auditrisposta", "pk": 109, "fields": {"sessione": 4, "domanda": 29, "risposta": false, "note": ""}}, {"model": "compliance.auditrisposta", "pk": 110, "fields": {"sessione": 4, "domanda": 30, "risposta": false, "note": ""}}, {"model": "compliance.auditrisposta", "pk": 111, "fields": {"sessione": 4, "domanda": 31, "risposta": false, "note": ""}}, {"model": "compliance.auditrisposta", "pk": 112, "fields": {"sessione": 4, "domanda": 32, "risposta": false, "note": ""}}, {"model": "compliance.auditrisposta", "pk": 113, "fields": {"sessione": 4, "domanda": 33, "risposta": false, "note": ""}}, {"model": "compliance.auditrisposta", "pk": 114, "fields": {"sessione": 4, "domanda": 34, "risposta": false, "note": ""}}, {"model": "compliance.auditrisposta", "pk": 115, "fields": {"sessione": 4, "domanda": 35, "risposta": false, "note": ""}}, {"model": "compliance.auditrisposta", "pk": 116, "fields": {"sessione": 4, "domanda": 36, "risposta": false, "note": ""}}, {"model": "compliance.auditrisposta", "pk": 117, "fields": {"sessione": 4, "domanda": 37, "risposta": false, "note": ""}}, {"model": "compliance.auditrisposta", "pk": 118, "fields": {"sessione": 4, "domanda": 38, "risposta": false, "note": ""}}, {"model": "compliance.auditrisposta", "pk": 119, "fields": {"sessione": 4, "domanda": 39, "risposta": false, "note": ""}}, {"model": "compliance.auditrisposta", "pk": 120, "fields": {"sessione": 4, "domanda": 40, "risposta": false, "note": ""}}, {"model": "compliance.auditrisposta", "pk": 121, "fields": {"sessione": 5, "domanda": 1, "risposta": false, "note": ""}}, {"model": "compliance.auditrisposta", "pk": 122, "fields": {"sessione": 5, "domanda": 2, "risposta": false, "note": ""}}, {"model": "compliance.auditrisposta", "pk": 123, "fields": {"sessione": 5, "domanda": 3, "risposta": false, "note": ""}}, {"model": "compliance.auditrisposta", "pk": 124, "fields": {"sessione": 5, "domanda": 4, "risposta": false, "note": ""}}, {"model": "compliance.auditrisposta", "pk": 125, "fields": {"sessione": 5, "domanda": 5, "risposta": false, "note": ""}}, {"model": "compliance.auditrisposta", "pk": 126, "fields": {"sessione": 5, "domanda": 6, "risposta": false, "note": ""}}, {"model": "compliance.auditrisposta", "pk": 127, "fields": {"sessione": 5, "domanda": 7, "risposta": false, "note": ""}}, {"model": "compliance.auditrisposta", "pk": 128, "fields": {"sessione": 5, "domanda": 8, "risposta": false, "note": ""}}, {"model": "compliance.auditrisposta", "pk": 129, "fields": {"sessione": 5, "domanda": 9, "risposta": false, "note": ""}}, {"model": "compliance.auditrisposta", "pk": 130, "fields": {"sessione": 5, "domanda": 10, "risposta": false, "note": ""}}, {"model": "compliance.auditrisposta", "pk": 131, "fields": {"sessione": 5, "domanda": 11, "risposta": false, "note": ""}}, {"model": "compliance.auditrisposta", "pk": 132, "fields": {"sessione": 5, "domanda": 12, "risposta": false, "note": ""}}, {"model": "compliance.auditrisposta", "pk": 133, "fields": {"sessione": 5, "domanda": 13, "risposta": false, "note": ""}}, {"model": "compliance.auditrisposta", "pk": 134, "fields": {"sessione": 5, "domanda": 14, "risposta": false, "note": ""}}, {"model": "compliance.auditrisposta", "pk": 135, "fields": {"sessione": 5, "domanda": 15, "risposta": false, "note": ""}}, {"model": "compliance.auditrisposta", "pk": 136, "fields": {"sessione": 5, "domanda": 16, "risposta": false, "note": ""}}, {"model": "compliance.auditrisposta", "pk": 137, "fields": {"sessione": 5, "domanda": 17, "risposta": false, "note": ""}}, {"model": "compliance.auditrisposta", "pk": 138, "fields": {"sessione": 5, "domanda": 18, "risposta": false, "note": ""}}, {"model": "compliance.auditrisposta", "pk": 139, "fields": {"sessione": 5, "domanda": 19, "risposta": false, "note": ""}}, {"model": "compliance.auditrisposta", "pk": 140, "fields": {"sessione": 5, "domanda": 20, "risposta": false, "note": ""}}, {"model": "compliance.auditrisposta", "pk": 141, "fields": {"sessione": 5, "domanda": 21, "risposta": false, "note": ""}}, {"model": "compliance.auditrisposta", "pk": 142, "fields": {"sessione": 5, "domanda": 22, "risposta": false, "note": ""}}, {"model": "compliance.auditrisposta", "pk": 143, "fields": {"sessione": 5, "domanda": 23, "risposta": false, "note": ""}}, {"model": "compliance.auditrisposta", "pk": 144, "fields": {"sessione": 5, "domanda": 24, "risposta": false, "note": ""}}, {"model": "compliance.auditrisposta", "pk": 145, "fields": {"sessione": 5, "domanda": 25, "risposta": false, "note": ""}}, {"model": "compliance.auditrisposta", "pk": 146, "fields": {"sessione": 5, "domanda": 26, "risposta": false, "note": ""}}, {"model": "compliance.auditrisposta", "pk": 147, "fields": {"sessione": 5, "domanda": 27, "risposta": false, "note": ""}}, {"model": "compliance.auditrisposta", "pk": 148, "fields": {"sessione": 5, "domanda": 28, "risposta": false, "note": ""}}, {"model": "compliance.auditrisposta", "pk": 149, "fields": {"sessione": 5, "domanda": 29, "risposta": false, "note": ""}}, {"model": "compliance.auditrisposta", "pk": 150, "fields": {"sessione": 5, "domanda": 30, "risposta": false, "note": ""}}, {"model": "compliance.auditrisposta", "pk": 151, "fields": {"sessione": 5, "domanda": 31, "risposta": false, "note": ""}}, {"model": "compliance.auditrisposta", "pk": 152, "fields": {"sessione": 5, "domanda": 32, "risposta": false, "note": ""}}, {"model": "compliance.auditrisposta", "pk": 153, "fields": {"sessione": 5, "domanda": 33, "risposta": false, "note": ""}}, {"model": "compliance.auditrisposta", "pk": 154, "fields": {"sessione": 5, "domanda": 34, "risposta": false, "note": ""}}, {"model": "compliance.auditrisposta", "pk": 155, "fields": {"sessione": 5, "domanda": 35, "risposta": false, "note": ""}}, {"model": "compliance.auditrisposta", "pk": 156, "fields": {"sessione": 5, "domanda": 36, "risposta": false, "note": ""}}, {"model": "compliance.auditrisposta", "pk": 157, "fields": {"sessione": 5, "domanda": 37, "risposta": false, "note": ""}}, {"model": "compliance.auditrisposta", "pk": 158, "fields": {"sessione": 5, "domanda": 38, "risposta": false, "note": ""}}, {"model": "compliance.auditrisposta", "pk": 159, "fields": {"sessione": 5, "domanda": 39, "risposta": false, "note": ""}}, {"model": "compliance.auditrisposta", "pk": 160, "fields": {"sessione": 5, "domanda": 40, "risposta": false, "note": ""}}, {"model": "compliance.auditrisposta", "pk": 161, "fields": {"sessione": 1, "domanda": 1, "risposta": false, "note": ""}}, {"model": "compliance.auditrisposta", "pk": 162, "fields": {"sessione": 1, "domanda": 2, "risposta": false, "note": ""}}, {"model": "compliance.auditrisposta", "pk": 163, "fields": {"sessione": 1, "domanda": 3, "risposta": false, "note": ""}}, {"model": "compliance.auditrisposta", "pk": 164, "fields": {"sessione": 1, "domanda": 4, "risposta": false, "note": ""}}, {"model": "compliance.auditrisposta", "pk": 165, "fields": {"sessione": 1, "domanda": 5, "risposta": false, "note": ""}}, {"model": "compliance.auditrisposta", "pk": 166, "fields": {"sessione": 1, "domanda": 6, "risposta": false, "note": ""}}, {"model": "compliance.auditrisposta", "pk": 167, "fields": {"sessione": 1, "domanda": 7, "risposta": false, "note": ""}}, {"model": "compliance.auditrisposta", "pk": 168, "fields": {"sessione": 1, "domanda": 8, "risposta": false, "note": ""}}, {"model": "compliance.auditrisposta", "pk": 169, "fields": {"sessione": 1, "domanda": 9, "risposta": false, "note": ""}}, {"model": "compliance.auditrisposta", "pk": 170, "fields": {"sessione": 1, "domanda": 10, "risposta": false, "note": ""}}, {"model": "compliance.auditrisposta", "pk": 171, "fields": {"sessione": 1, "domanda": 11, "risposta": false, "note": ""}}, {"model": "compliance.auditrisposta", "pk": 172, "fields": {"sessione": 1, "domanda": 12, "risposta": false, "note": ""}}, {"model": "compliance.auditrisposta", "pk": 173, "fields": {"sessione": 1, "domanda": 13, "risposta": false, "note": ""}}, {"model": "compliance.auditrisposta", "pk": 174, "fields": {"sessione": 1, "domanda": 14, "risposta": false, "note": ""}}, {"model": "compliance.auditrisposta", "pk": 175, "fields": {"sessione": 1, "domanda": 15, "risposta": false, "note": ""}}, {"model": "compliance.auditrisposta", "pk": 176, "fields": {"sessione": 1, "domanda": 16, "risposta": false, "note": ""}}, {"model": "compliance.auditrisposta", "pk": 177, "fields": {"sessione": 1, "domanda": 17, "risposta": false, "note": ""}}, {"model": "compliance.auditrisposta", "pk": 178, "fields": {"sessione": 1, "domanda": 18, "risposta": false, "note": ""}}, {"model": "compliance.auditrisposta", "pk": 179, "fields": {"sessione": 1, "domanda": 19, "risposta": false, "note": ""}}, {"model": "compliance.auditrisposta", "pk": 180, "fields": {"sessione": 1, "domanda": 20, "risposta": false, "note": ""}}, {"model": "compliance.auditrisposta", "pk": 181, "fields": {"sessione": 1, "domanda": 21, "risposta": false, "note": ""}}, {"model": "compliance.auditrisposta", "pk": 182, "fields": {"sessione": 1, "domanda": 22, "risposta": false, "note": ""}}, {"model": "compliance.auditrisposta", "pk": 183, "fields": {"sessione": 1, "domanda": 23, "risposta": false, "note": ""}}, {"model": "compliance.auditrisposta", "pk": 184, "fields": {"sessione": 1, "domanda": 24, "risposta": false, "note": ""}}, {"model": "compliance.auditrisposta", "pk": 185, "fields": {"sessione": 1, "domanda": 25, "risposta": false, "note": ""}}, {"model": "compliance.auditrisposta", "pk": 186, "fields": {"sessione": 1, "domanda": 26, "risposta": false, "note": ""}}, {"model": "compliance.auditrisposta", "pk": 187, "fields": {"sessione": 1, "domanda": 27, "risposta": false, "note": ""}}, {"model": "compliance.auditrisposta", "pk": 188, "fields": {"sessione": 1, "domanda": 28, "risposta": false, "note": ""}}, {"model": "compliance.auditrisposta", "pk": 189, "fields": {"sessione": 1, "domanda": 29, "risposta": false, "note": ""}}, {"model": "compliance.auditrisposta", "pk": 190, "fields": {"sessione": 1, "domanda": 30, "risposta": false, "note": ""}}, {"model": "compliance.auditrisposta", "pk": 191, "fields": {"sessione": 1, "domanda": 31, "risposta": false, "note": ""}}, {"model": "compliance.auditrisposta", "pk": 192, "fields": {"sessione": 1, "domanda": 32, "risposta": false, "note": ""}}, {"model": "compliance.auditrisposta", "pk": 193, "fields": {"sessione": 1, "domanda": 33, "risposta": false, "note": ""}}, {"model": "compliance.auditrisposta", "pk": 194, "fields": {"sessione": 1, "domanda": 34, "risposta": false, "note": ""}}, {"model": "compliance.auditrisposta", "pk": 195, "fields": {"sessione": 1, "domanda": 35, "risposta": false, "note": ""}}, {"model": "compliance.auditrisposta", "pk": 196, "fields": {"sessione": 1, "domanda": 36, "risposta": false, "note": ""}}, {"model": "compliance.auditrisposta", "pk": 197, "fields": {"sessione": 1, "domanda": 37, "risposta": false, "note": ""}}, {"model": "compliance.auditrisposta", "pk": 198, "fields": {"sessione": 1, "domanda": 38, "risposta": false, "note": ""}}, {"model": "compliance.auditrisposta", "pk": 199, "fields": {"sessione": 1, "domanda": 39, "risposta": false, "note": ""}}, {"model": "compliance.auditrisposta", "pk": 200, "fields": {"sessione": 1, "domanda": 40, "risposta": false, "note": ""}}, {"model": "compliance.auditrisposta", "pk": 201, "fields": {"sessione": 6, "domanda": 1, "risposta": false, "note": ""}}, {"model": "compliance.auditrisposta", "pk": 202, "fields": {"sessione": 6, "domanda": 2, "risposta": false, "note": ""}}, {"model": "compliance.auditrisposta", "pk": 203, "fields": {"sessione": 6, "domanda": 3, "risposta": false, "note": ""}}, {"model": "compliance.auditrisposta", "pk": 204, "fields": {"sessione": 6, "domanda": 4, "risposta": false, "note": ""}}, {"model": "compliance.auditrisposta", "pk": 205, "fields": {"sessione": 6, "domanda": 5, "risposta": false, "note": ""}}, {"model": "compliance.auditrisposta", "pk": 206, "fields": {"sessione": 6, "domanda": 6, "risposta": false, "note": ""}}, {"model": "compliance.auditrisposta", "pk": 207, "fields": {"sessione": 6, "domanda": 7, "risposta": false, "note": ""}}, {"model": "compliance.auditrisposta", "pk": 208, "fields": {"sessione": 6, "domanda": 8, "risposta": false, "note": ""}}, {"model": "compliance.auditrisposta", "pk": 209, "fields": {"sessione": 6, "domanda": 9, "risposta": false, "note": ""}}, {"model": "compliance.auditrisposta", "pk": 210, "fields": {"sessione": 6, "domanda": 10, "risposta": false, "note": ""}}, {"model": "compliance.auditrisposta", "pk": 211, "fields": {"sessione": 6, "domanda": 11, "risposta": false, "note": ""}}, {"model": "compliance.auditrisposta", "pk": 212, "fields": {"sessione": 6, "domanda": 12, "risposta": false, "note": ""}}, {"model": "compliance.auditrisposta", "pk": 213, "fields": {"sessione": 6, "domanda": 13, "risposta": false, "note": ""}}, {"model": "compliance.auditrisposta", "pk": 214, "fields": {"sessione": 6, "domanda": 14, "risposta": false, "note": ""}}, {"model": "compliance.auditrisposta", "pk": 215, "fields": {"sessione": 6, "domanda": 15, "risposta": false, "note": ""}}, {"model": "compliance.auditrisposta", "pk": 216, "fields": {"sessione": 6, "domanda": 16, "risposta": false, "note": ""}}, {"model": "compliance.auditrisposta", "pk": 217, "fields": {"sessione": 6, "domanda": 17, "risposta": false, "note": ""}}, {"model": "compliance.auditrisposta", "pk": 218, "fields": {"sessione": 6, "domanda": 18, "risposta": false, "note": ""}}, {"model": "compliance.auditrisposta", "pk": 219, "fields": {"sessione": 6, "domanda": 19, "risposta": false, "note": ""}}, {"model": "compliance.auditrisposta", "pk": 220, "fields": {"sessione": 6, "domanda": 20, "risposta": false, "note": ""}}, {"model": "compliance.auditrisposta", "pk": 221, "fields": {"sessione": 6, "domanda": 21, "risposta": false, "note": ""}}, {"model": "compliance.auditrisposta", "pk": 222, "fields": {"sessione": 6, "domanda": 22, "risposta": false, "note": ""}}, {"model": "compliance.auditrisposta", "pk": 223, "fields": {"sessione": 6, "domanda": 23, "risposta": false, "note": ""}}, {"model": "compliance.auditrisposta", "pk": 224, "fields": {"sessione": 6, "domanda": 24, "risposta": false, "note": ""}}, {"model": "compliance.auditrisposta", "pk": 225, "fields": {"sessione": 6, "domanda": 25, "risposta": false, "note": ""}}, {"model": "compliance.auditrisposta", "pk": 226, "fields": {"sessione": 6, "domanda": 26, "risposta": false, "note": ""}}, {"model": "compliance.auditrisposta", "pk": 227, "fields": {"sessione": 6, "domanda": 27, "risposta": false, "note": ""}}, {"model": "compliance.auditrisposta", "pk": 228, "fields": {"sessione": 6, "domanda": 28, "risposta": false, "note": ""}}, {"model": "compliance.auditrisposta", "pk": 229, "fields": {"sessione": 6, "domanda": 29, "risposta": false, "note": ""}}, {"model": "compliance.auditrisposta", "pk": 230, "fields": {"sessione": 6, "domanda": 30, "risposta": false, "note": ""}}, {"model": "compliance.auditrisposta", "pk": 231, "fields": {"sessione": 6, "domanda": 31, "risposta": false, "note": ""}}, {"model": "compliance.auditrisposta", "pk": 232, "fields": {"sessione": 6, "domanda": 32, "risposta": false, "note": ""}}, {"model": "compliance.auditrisposta", "pk": 233, "fields": {"sessione": 6, "domanda": 33, "risposta": false, "note": ""}}, {"model": "compliance.auditrisposta", "pk": 234, "fields": {"sessione": 6, "domanda": 34, "risposta": false, "note": ""}}, {"model": "compliance.auditrisposta", "pk": 235, "fields": {"sessione": 6, "domanda": 35, "risposta": false, "note": ""}}, {"model": "compliance.auditrisposta", "pk": 236, "fields": {"sessione": 6, "domanda": 36, "risposta": false, "note": ""}}, {"model": "compliance.auditrisposta", "pk": 237, "fields": {"sessione": 6, "domanda": 37, "risposta": false, "note": ""}}, {"model": "compliance.auditrisposta", "pk": 238, "fields": {"sessione": 6, "domanda": 38, "risposta": false, "note": ""}}, {"model": "compliance.auditrisposta", "pk": 239, "fields": {"sessione": 6, "domanda": 39, "risposta": false, "note": ""}}, {"model": "compliance.auditrisposta", "pk": 240, "fields": {"sessione": 6, "domanda": 40, "risposta": false, "note": ""}}, {"model": "compliance.auditrisposta", "pk": 241, "fields": {"sessione": 7, "domanda": 1, "risposta": false, "note": ""}}, {"model": "compliance.auditrisposta", "pk": 242, "fields": {"sessione": 7, "domanda": 2, "risposta": false, "note": ""}}, {"model": "compliance.auditrisposta", "pk": 243, "fields": {"sessione": 7, "domanda": 3, "risposta": false, "note": ""}}, {"model": "compliance.auditrisposta", "pk": 244, "fields": {"sessione": 7, "domanda": 4, "risposta": false, "note": ""}}, {"model": "compliance.auditrisposta", "pk": 245, "fields": {"sessione": 7, "domanda": 5, "risposta": false, "note": ""}}, {"model": "compliance.auditrisposta", "pk": 246, "fields": {"sessione": 7, "domanda": 6, "risposta": false, "note": ""}}, {"model": "compliance.auditrisposta", "pk": 247, "fields": {"sessione": 7, "domanda": 7, "risposta": false, "note": ""}}, {"model": "compliance.auditrisposta", "pk": 248, "fields": {"sessione": 7, "domanda": 8, "risposta": false, "note": ""}}, {"model": "compliance.auditrisposta", "pk": 249, "fields": {"sessione": 7, "domanda": 9, "risposta": false, "note": ""}}, {"model": "compliance.auditrisposta", "pk": 250, "fields": {"sessione": 7, "domanda": 10, "risposta": false, "note": ""}}, {"model": "compliance.auditrisposta", "pk": 251, "fields": {"sessione": 7, "domanda": 11, "risposta": false, "note": ""}}, {"model": "compliance.auditrisposta", "pk": 252, "fields": {"sessione": 7, "domanda": 12, "risposta": false, "note": ""}}, {"model": "compliance.auditrisposta", "pk": 253, "fields": {"sessione": 7, "domanda": 13, "risposta": false, "note": ""}}, {"model": "compliance.auditrisposta", "pk": 254, "fields": {"sessione": 7, "domanda": 14, "risposta": false, "note": ""}}, {"model": "compliance.auditrisposta", "pk": 255, "fields": {"sessione": 7, "domanda": 15, "risposta": false, "note": ""}}, {"model": "compliance.auditrisposta", "pk": 256, "fields": {"sessione": 7, "domanda": 16, "risposta": false, "note": ""}}, {"model": "compliance.auditrisposta", "pk": 257, "fields": {"sessione": 7, "domanda": 17, "risposta": false, "note": ""}}, {"model": "compliance.auditrisposta", "pk": 258, "fields": {"sessione": 7, "domanda": 18, "risposta": false, "note": ""}}, {"model": "compliance.auditrisposta", "pk": 259, "fields": {"sessione": 7, "domanda": 19, "risposta": false, "note": ""}}, {"model": "compliance.auditrisposta", "pk": 260, "fields": {"sessione": 7, "domanda": 20, "risposta": false, "note": ""}}, {"model": "compliance.auditrisposta", "pk": 261, "fields": {"sessione": 7, "domanda": 21, "risposta": false, "note": ""}}, {"model": "compliance.auditrisposta", "pk": 262, "fields": {"sessione": 7, "domanda": 22, "risposta": false, "note": ""}}, {"model": "compliance.auditrisposta", "pk": 263, "fields": {"sessione": 7, "domanda": 23, "risposta": false, "note": ""}}, {"model": "compliance.auditrisposta", "pk": 264, "fields": {"sessione": 7, "domanda": 24, "risposta": false, "note": ""}}, {"model": "compliance.auditrisposta", "pk": 265, "fields": {"sessione": 7, "domanda": 25, "risposta": false, "note": ""}}, {"model": "compliance.auditrisposta", "pk": 266, "fields": {"sessione": 7, "domanda": 26, "risposta": false, "note": ""}}, {"model": "compliance.auditrisposta", "pk": 267, "fields": {"sessione": 7, "domanda": 27, "risposta": false, "note": ""}}, {"model": "compliance.auditrisposta", "pk": 268, "fields": {"sessione": 7, "domanda": 28, "risposta": false, "note": ""}}, {"model": "compliance.auditrisposta", "pk": 269, "fields": {"sessione": 7, "domanda": 29, "risposta": false, "note": ""}}, {"model": "compliance.auditrisposta", "pk": 270, "fields": {"sessione": 7, "domanda": 30, "risposta": false, "note": ""}}, {"model": "compliance.auditrisposta", "pk": 271, "fields": {"sessione": 7, "domanda": 31, "risposta": false, "note": ""}}, {"model": "compliance.auditrisposta", "pk": 272, "fields": {"sessione": 7, "domanda": 32, "risposta": false, "note": ""}}, {"model": "compliance.auditrisposta", "pk": 273, "fields": {"sessione": 7, "domanda": 33, "risposta": false, "note": ""}}, {"model": "compliance.auditrisposta", "pk": 274, "fields": {"sessione": 7, "domanda": 34, "risposta": false, "note": ""}}, {"model": "compliance.auditrisposta", "pk": 275, "fields": {"sessione": 7, "domanda": 35, "risposta": false, "note": ""}}, {"model": "compliance.auditrisposta", "pk": 276, "fields": {"sessione": 7, "domanda": 36, "risposta": false, "note": ""}}, {"model": "compliance.auditrisposta", "pk": 277, "fields": {"sessione": 7, "domanda": 37, "risposta": false, "note": ""}}, {"model": "compliance.auditrisposta", "pk": 278, "fields": {"sessione": 7, "domanda": 38, "risposta": false, "note": ""}}, {"model": "compliance.auditrisposta", "pk": 279, "fields": {"sessione": 7, "domanda": 39, "risposta": false, "note": ""}}, {"model": "compliance.auditrisposta", "pk": 280, "fields": {"sessione": 7, "domanda": 40, "risposta": false, "note": ""}}, {"model": "compliance.auditrisposta", "pk": 281, "fields": {"sessione": 8, "domanda": 1, "risposta": false, "note": ""}}, {"model": "compliance.auditrisposta", "pk": 282, "fields": {"sessione": 8, "domanda": 2, "risposta": false, "note": ""}}, {"model": "compliance.auditrisposta", "pk": 283, "fields": {"sessione": 8, "domanda": 3, "risposta": false, "note": ""}}, {"model": "compliance.auditrisposta", "pk": 284, "fields": {"sessione": 8, "domanda": 4, "risposta": false, "note": ""}}, {"model": "compliance.auditrisposta", "pk": 285, "fields": {"sessione": 8, "domanda": 5, "risposta": false, "note": ""}}, {"model": "compliance.auditrisposta", "pk": 286, "fields": {"sessione": 8, "domanda": 6, "risposta": false, "note": ""}}, {"model": "compliance.auditrisposta", "pk": 287, "fields": {"sessione": 8, "domanda": 7, "risposta": false, "note": ""}}, {"model": "compliance.auditrisposta", "pk": 288, "fields": {"sessione": 8, "domanda": 8, "risposta": false, "note": ""}}, {"model": "compliance.auditrisposta", "pk": 289, "fields": {"sessione": 8, "domanda": 9, "risposta": false, "note": ""}}, {"model": "compliance.auditrisposta", "pk": 290, "fields": {"sessione": 8, "domanda": 10, "risposta": false, "note": ""}}, {"model": "compliance.auditrisposta", "pk": 291, "fields": {"sessione": 8, "domanda": 11, "risposta": false, "note": ""}}, {"model": "compliance.auditrisposta", "pk": 292, "fields": {"sessione": 8, "domanda": 12, "risposta": false, "note": ""}}, {"model": "compliance.auditrisposta", "pk": 293, "fields": {"sessione": 8, "domanda": 13, "risposta": false, "note": ""}}, {"model": "compliance.auditrisposta", "pk": 294, "fields": {"sessione": 8, "domanda": 14, "risposta": false, "note": ""}}, {"model": "compliance.auditrisposta", "pk": 295, "fields": {"sessione": 8, "domanda": 15, "risposta": false, "note": ""}}, {"model": "compliance.auditrisposta", "pk": 296, "fields": {"sessione": 8, "domanda": 16, "risposta": false, "note": ""}}, {"model": "compliance.auditrisposta", "pk": 297, "fields": {"sessione": 8, "domanda": 17, "risposta": false, "note": ""}}, {"model": "compliance.auditrisposta", "pk": 298, "fields": {"sessione": 8, "domanda": 18, "risposta": false, "note": ""}}, {"model": "compliance.auditrisposta", "pk": 299, "fields": {"sessione": 8, "domanda": 19, "risposta": false, "note": ""}}, {"model": "compliance.auditrisposta", "pk": 300, "fields": {"sessione": 8, "domanda": 20, "risposta": false, "note": ""}}, {"model": "compliance.auditrisposta", "pk": 301, "fields": {"sessione": 8, "domanda": 21, "risposta": false, "note": ""}}, {"model": "compliance.auditrisposta", "pk": 302, "fields": {"sessione": 8, "domanda": 22, "risposta": false, "note": ""}}, {"model": "compliance.auditrisposta", "pk": 303, "fields": {"sessione": 8, "domanda": 23, "risposta": false, "note": ""}}, {"model": "compliance.auditrisposta", "pk": 304, "fields": {"sessione": 8, "domanda": 24, "risposta": false, "note": ""}}, {"model": "compliance.auditrisposta", "pk": 305, "fields": {"sessione": 8, "domanda": 25, "risposta": false, "note": ""}}, {"model": "compliance.auditrisposta", "pk": 306, "fields": {"sessione": 8, "domanda": 26, "risposta": false, "note": ""}}, {"model": "compliance.auditrisposta", "pk": 307, "fields": {"sessione": 8, "domanda": 27, "risposta": false, "note": ""}}, {"model": "compliance.auditrisposta", "pk": 308, "fields": {"sessione": 8, "domanda": 28, "risposta": false, "note": ""}}, {"model": "compliance.auditrisposta", "pk": 309, "fields": {"sessione": 8, "domanda": 29, "risposta": false, "note": ""}}, {"model": "compliance.auditrisposta", "pk": 310, "fields": {"sessione": 8, "domanda": 30, "risposta": false, "note": ""}}, {"model": "compliance.auditrisposta", "pk": 311, "fields": {"sessione": 8, "domanda": 31, "risposta": false, "note": ""}}, {"model": "compliance.auditrisposta", "pk": 312, "fields": {"sessione": 8, "domanda": 32, "risposta": false, "note": ""}}, {"model": "compliance.auditrisposta", "pk": 313, "fields": {"sessione": 8, "domanda": 33, "risposta": false, "note": ""}}, {"model": "compliance.auditrisposta", "pk": 314, "fields": {"sessione": 8, "domanda": 34, "risposta": false, "note": ""}}, {"model": "compliance.auditrisposta", "pk": 315, "fields": {"sessione": 8, "domanda": 35, "risposta": false, "note": ""}}, {"model": "compliance.auditrisposta", "pk": 316, "fields": {"sessione": 8, "domanda": 36, "risposta": false, "note": ""}}, {"model": "compliance.auditrisposta", "pk": 317, "fields": {"sessione": 8, "domanda": 37, "risposta": false, "note": ""}}, {"model": "compliance.auditrisposta", "pk": 318, "fields": {"sessione": 8, "domanda": 38, "risposta": false, "note": ""}}, {"model": "compliance.auditrisposta", "pk": 319, "fields": {"sessione": 8, "domanda": 39, "risposta": false, "note": ""}}, {"model": "compliance.auditrisposta", "pk": 320, "fields": {"sessione": 8, "domanda": 40, "risposta": false, "note": ""}}, {"model": "compliance.auditrisposta", "pk": 321, "fields": {"sessione": 9, "domanda": 1, "risposta": false, "note": ""}}, {"model": "compliance.auditrisposta", "pk": 322, "fields": {"sessione": 9, "domanda": 2, "risposta": false, "note": ""}}, {"model": "compliance.auditrisposta", "pk": 323, "fields": {"sessione": 9, "domanda": 3, "risposta": false, "note": ""}}, {"model": "compliance.auditrisposta", "pk": 324, "fields": {"sessione": 9, "domanda": 4, "risposta": false, "note": ""}}, {"model": "compliance.auditrisposta", "pk": 325, "fields": {"sessione": 9, "domanda": 5, "risposta": false, "note": ""}}, {"model": "compliance.auditrisposta", "pk": 326, "fields": {"sessione": 9, "domanda": 6, "risposta": false, "note": ""}}, {"model": "compliance.auditrisposta", "pk": 327, "fields": {"sessione": 9, "domanda": 7, "risposta": false, "note": ""}}, {"model": "compliance.auditrisposta", "pk": 328, "fields": {"sessione": 9, "domanda": 8, "risposta": false, "note": ""}}, {"model": "compliance.auditrisposta", "pk": 329, "fields": {"sessione": 9, "domanda": 9, "risposta": false, "note": ""}}, {"model": "compliance.auditrisposta", "pk": 330, "fields": {"sessione": 9, "domanda": 10, "risposta": false, "note": ""}}, {"model": "compliance.auditrisposta", "pk": 331, "fields": {"sessione": 9, "domanda": 11, "risposta": false, "note": ""}}, {"model": "compliance.auditrisposta", "pk": 332, "fields": {"sessione": 9, "domanda": 12, "risposta": false, "note": ""}}, {"model": "compliance.auditrisposta", "pk": 333, "fields": {"sessione": 9, "domanda": 13, "risposta": false, "note": ""}}, {"model": "compliance.auditrisposta", "pk": 334, "fields": {"sessione": 9, "domanda": 14, "risposta": false, "note": ""}}, {"model": "compliance.auditrisposta", "pk": 335, "fields": {"sessione": 9, "domanda": 15, "risposta": false, "note": ""}}, {"model": "compliance.auditrisposta", "pk": 336, "fields": {"sessione": 9, "domanda": 16, "risposta": false, "note": ""}}, {"model": "compliance.auditrisposta", "pk": 337, "fields": {"sessione": 9, "domanda": 17, "risposta": false, "note": ""}}, {"model": "compliance.auditrisposta", "pk": 338, "fields": {"sessione": 9, "domanda": 18, "risposta": false, "note": ""}}, {"model": "compliance.auditrisposta", "pk": 339, "fields": {"sessione": 9, "domanda": 19, "risposta": false, "note": ""}}, {"model": "compliance.auditrisposta", "pk": 340, "fields": {"sessione": 9, "domanda": 20, "risposta": false, "note": ""}}, {"model": "compliance.auditrisposta", "pk": 341, "fields": {"sessione": 9, "domanda": 21, "risposta": false, "note": ""}}, {"model": "compliance.auditrisposta", "pk": 342, "fields": {"sessione": 9, "domanda": 22, "risposta": false, "note": ""}}, {"model": "compliance.auditrisposta", "pk": 343, "fields": {"sessione": 9, "domanda": 23, "risposta": false, "note": ""}}, {"model": "compliance.auditrisposta", "pk": 344, "fields": {"sessione": 9, "domanda": 24, "risposta": false, "note": ""}}, {"model": "compliance.auditrisposta", "pk": 345, "fields": {"sessione": 9, "domanda": 25, "risposta": false, "note": ""}}, {"model": "compliance.auditrisposta", "pk": 346, "fields": {"sessione": 9, "domanda": 26, "risposta": false, "note": ""}}, {"model": "compliance.auditrisposta", "pk": 347, "fields": {"sessione": 9, "domanda": 27, "risposta": false, "note": ""}}, {"model": "compliance.auditrisposta", "pk": 348, "fields": {"sessione": 9, "domanda": 28, "risposta": false, "note": ""}}, {"model": "compliance.auditrisposta", "pk": 349, "fields": {"sessione": 9, "domanda": 29, "risposta": false, "note": ""}}, {"model": "compliance.auditrisposta", "pk": 350, "fields": {"sessione": 9, "domanda": 30, "risposta": false, "note": ""}}, {"model": "compliance.auditrisposta", "pk": 351, "fields": {"sessione": 9, "domanda": 31, "risposta": false, "note": ""}}, {"model": "compliance.auditrisposta", "pk": 352, "fields": {"sessione": 9, "domanda": 32, "risposta": false, "note": ""}}, {"model": "compliance.auditrisposta", "pk": 353, "fields": {"sessione": 9, "domanda": 33, "risposta": false, "note": ""}}, {"model": "compliance.auditrisposta", "pk": 354, "fields": {"sessione": 9, "domanda": 34, "risposta": false, "note": ""}}, {"model": "compliance.auditrisposta", "pk": 355, "fields": {"sessione": 9, "domanda": 35, "risposta": false, "note": ""}}, {"model": "compliance.auditrisposta", "pk": 356, "fields": {"sessione": 9, "domanda": 36, "risposta": false, "note": ""}}, {"model": "compliance.auditrisposta", "pk": 357, "fields": {"sessione": 9, "domanda": 37, "risposta": false, "note": ""}}, {"model": "compliance.auditrisposta", "pk": 358, "fields": {"sessione": 9, "domanda": 38, "risposta": false, "note": ""}}, {"model": "compliance.auditrisposta", "pk": 359, "fields": {"sessione": 9, "domanda": 39, "risposta": false, "note": ""}}, {"model": "compliance.auditrisposta", "pk": 360, "fields": {"sessione": 9, "domanda": 40, "risposta": false, "note": ""}}, {"model": "compliance.auditrisposta", "pk": 361, "fields": {"sessione": 10, "domanda": 1, "risposta": false, "note": ""}}, {"model": "compliance.auditrisposta", "pk": 362, "fields": {"sessione": 10, "domanda": 2, "risposta": false, "note": ""}}, {"model": "compliance.auditrisposta", "pk": 363, "fields": {"sessione": 10, "domanda": 3, "risposta": false, "note": ""}}, {"model": "compliance.auditrisposta", "pk": 364, "fields": {"sessione": 10, "domanda": 4, "risposta": false, "note": ""}}, {"model": "compliance.auditrisposta", "pk": 365, "fields": {"sessione": 10, "domanda": 5, "risposta": false, "note": ""}}, {"model": "compliance.auditrisposta", "pk": 366, "fields": {"sessione": 10, "domanda": 6, "risposta": false, "note": ""}}, {"model": "compliance.auditrisposta", "pk": 367, "fields": {"sessione": 10, "domanda": 7, "risposta": false, "note": ""}}, {"model": "compliance.auditrisposta", "pk": 368, "fields": {"sessione": 10, "domanda": 8, "risposta": false, "note": ""}}, {"model": "compliance.auditrisposta", "pk": 369, "fields": {"sessione": 10, "domanda": 9, "risposta": false, "note": ""}}, {"model": "compliance.auditrisposta", "pk": 370, "fields": {"sessione": 10, "domanda": 10, "risposta": false, "note": ""}}, {"model": "compliance.auditrisposta", "pk": 371, "fields": {"sessione": 10, "domanda": 11, "risposta": false, "note": ""}}, {"model": "compliance.auditrisposta", "pk": 372, "fields": {"sessione": 10, "domanda": 12, "risposta": false, "note": ""}}, {"model": "compliance.auditrisposta", "pk": 373, "fields": {"sessione": 10, "domanda": 13, "risposta": false, "note": ""}}, {"model": "compliance.auditrisposta", "pk": 374, "fields": {"sessione": 10, "domanda": 14, "risposta": false, "note": ""}}, {"model": "compliance.auditrisposta", "pk": 375, "fields": {"sessione": 10, "domanda": 15, "risposta": false, "note": ""}}, {"model": "compliance.auditrisposta", "pk": 376, "fields": {"sessione": 10, "domanda": 16, "risposta": false, "note": ""}}, {"model": "compliance.auditrisposta", "pk": 377, "fields": {"sessione": 10, "domanda": 17, "risposta": false, "note": ""}}, {"model": "compliance.auditrisposta", "pk": 378, "fields": {"sessione": 10, "domanda": 18, "risposta": false, "note": ""}}, {"model": "compliance.auditrisposta", "pk": 379, "fields": {"sessione": 10, "domanda": 19, "risposta": false, "note": ""}}, {"model": "compliance.auditrisposta", "pk": 380, "fields": {"sessione": 10, "domanda": 20, "risposta": false, "note": ""}}, {"model": "compliance.auditrisposta", "pk": 381, "fields": {"sessione": 10, "domanda": 21, "risposta": false, "note": ""}}, {"model": "compliance.auditrisposta", "pk": 382, "fields": {"sessione": 10, "domanda": 22, "risposta": false, "note": ""}}, {"model": "compliance.auditrisposta", "pk": 383, "fields": {"sessione": 10, "domanda": 23, "risposta": false, "note": ""}}, {"model": "compliance.auditrisposta", "pk": 384, "fields": {"sessione": 10, "domanda": 24, "risposta": false, "note": ""}}, {"model": "compliance.auditrisposta", "pk": 385, "fields": {"sessione": 10, "domanda": 25, "risposta": false, "note": ""}}, {"model": "compliance.auditrisposta", "pk": 386, "fields": {"sessione": 10, "domanda": 26, "risposta": false, "note": ""}}, {"model": "compliance.auditrisposta", "pk": 387, "fields": {"sessione": 10, "domanda": 27, "risposta": false, "note": ""}}, {"model": "compliance.auditrisposta", "pk": 388, "fields": {"sessione": 10, "domanda": 28, "risposta": false, "note": ""}}, {"model": "compliance.auditrisposta", "pk": 389, "fields": {"sessione": 10, "domanda": 29, "risposta": false, "note": ""}}, {"model": "compliance.auditrisposta", "pk": 390, "fields": {"sessione": 10, "domanda": 30, "risposta": false, "note": ""}}, {"model": "compliance.auditrisposta", "pk": 391, "fields": {"sessione": 10, "domanda": 31, "risposta": false, "note": ""}}, {"model": "compliance.auditrisposta", "pk": 392, "fields": {"sessione": 10, "domanda": 32, "risposta": false, "note": ""}}, {"model": "compliance.auditrisposta", "pk": 393, "fields": {"sessione": 10, "domanda": 33, "risposta": false, "note": ""}}, {"model": "compliance.auditrisposta", "pk": 394, "fields": {"sessione": 10, "domanda": 34, "risposta": false, "note": ""}}, {"model": "compliance.auditrisposta", "pk": 395, "fields": {"sessione": 10, "domanda": 35, "risposta": false, "note": ""}}, {"model": "compliance.auditrisposta", "pk": 396, "fields": {"sessione": 10, "domanda": 36, "risposta": false, "note": ""}}, {"model": "compliance.auditrisposta", "pk": 397, "fields": {"sessione": 10, "domanda": 37, "risposta": false, "note": ""}}, {"model": "compliance.auditrisposta", "pk": 398, "fields": {"sessione": 10, "domanda": 38, "risposta": false, "note": ""}}, {"model": "compliance.auditrisposta", "pk": 399, "fields": {"sessione": 10, "domanda": 39, "risposta": false, "note": ""}}, {"model": "compliance.auditrisposta", "pk": 400, "fields": {"sessione": 10, "domanda": 40, "risposta": false, "note": ""}}, {"model": "compliance.configurazionerete", "pk": 1, "fields": {"azienda": 1, "tipo_architettura": "MESH", "segmentazione_rete": "dasdasd", "firewall_utilizzato": "sadsasd", "sistema_ids_ips": true, "gestione_antivirus_centralizzata": true, "gestione_vpn": "ESTERNA", "politica_patching": "ASSENTE"}}, {"model": "compliance.configurazionerete", "pk": 2, "fields": {"azienda": 3, "tipo_architettura": "FLAT", "segmentazione_rete": "òkjòkl", "firewall_utilizzato": "khkjh", "sistema_ids_ips": false, "gestione_antivirus_centralizzata": true, "gestione_vpn": "AZIENDA", "politica_patching": "MANUALE"}}, {"model": "compliance.configurazionerete", "pk": 3, "fields": {"azienda": 2, "tipo_architettura": "HIERARCHICAL", "segmentazione_rete": null, "firewall_utilizzato": null, "sistema_ids_ips": false, "gestione_antivirus_centralizzata": false, "gestione_vpn": "NONE", "politica_patching": "MANUALE"}}, {"model": "compliance.ruoloprivacy", "pk": 1, "fields": {"azienda": 1, "ruolo_tipo": "TITOLARE", "nome_cognome": "Pippo Franco", "contatti": "", "atto_nomina": ""}}, {"model": "compliance.ruoloprivacy", "pk": 2, "fields": {"azienda": 1, "ruolo_tipo": "RESPONSABILE_TRATTAMENTO", "nome_cognome": "Pino Daniele", "contatti": "", "atto_nomina": ""}}, {"model": "compliance.ruoloprivacy", "pk": 3, "fields": {"azienda": 1, "ruolo_tipo": "ESTERNO", "nome_cognome": "Biello", "contatti": "", "atto_nomina": ""}}, {"model": "compliance.ruoloprivacy", "pk": 4, "fields": {"azienda": 1, "ruolo_tipo": "ADS", "nome_cognome": "Ronca", "contatti": "", "atto_nomina": ""}}, {"model": "compliance.ruoloprivacy", "pk": 5, "fields": {"azienda": 1, "ruolo_tipo": "DPO", "nome_cognome": "Paperino", "contatti": "", "atto_nomina": ""}}, {"model": "compliance.ruoloprivacy", "pk": 6, "fields": {"azienda": 1, "ruolo_tipo": "DPO", "nome_cognome": "Paperino", "contatti": "", "atto_nomina": ""}}, {"model": "compliance.referentecsirt", "pk": 1, "fields": {"azienda": 1, "data_nomina": "2025-12-01", "pc_nome": null, "pc_cognome": null, "pc_email": null, "codice_ipa": null, "referente_user": 3, "ref_nome": "Gianluca", "ref_cognome": "Muggittu", "ref_cf": "MGGGLC70A22F979A", "ref_email": "gianluca@muggittu.it", "ref_telefono": "3480077123", "ref_ruolo": "Consulente Esterno", "sos1_nome": null, "sos1_cognome": null, "sos1_cf": null, "sos1_email": null, "sos2_nome": null, "sos2_cognome": null, "sos2_cf": null, "sos2_email": null, "competenze_documentate": true, "motivo_esterno": "Alta specializzazione in materia Cyber"}}, {"model": "compliance.referentecsirt", "pk": 2, "fields": {"azienda": 3, "data_nomina": "2025-12-03", "pc_nome": null, "pc_cognome": null, "pc_email": null, "codice_ipa": null, "referente_user": 3, "ref_nome": "Lorenzo", "ref_cognome": "Jovanotti", "ref_cf": "hlhlhlkhlkjhkjhs", "ref_email": "jovanotti@prova.com", "ref_telefono": "3408866345", "ref_ruolo": "Referente Privacy", "sos1_nome": null, "sos1_cognome": null, "sos1_cf": null, "sos1_email": null, "sos2_nome": null, "sos2_cognome": null, "sos2_cf": null, "sos2_email": null, "competenze_documentate": true, "motivo_esterno": "dasdasdas"}}, {"model": "compliance.notificaincidente", "pk": 1, "fields": {"valutazione_rischio": null, "azioni_correttive": null, "azienda": 1, "referente_csirt": 1, "titolo_incidente": "email ppc", "data_incidente": "2025-11-29T14:57:00Z", "data_notifica": "2025-11-29T14:57:00Z", "stato": "APERTA", "descrizione_danno": "òlqòlkwò"}}, {"model": "compliance.notificaincidente", "pk": 2, "fields": {"valutazione_rischio": null, "azioni_correttive": null, "azienda": 1, "referente_csirt": 1, "titolo_incidente": "Blocco Posta", "data_incidente": "2025-12-03T15:47:00Z", "data_notifica": null, "stato": "NOTIFICATA", "descrizione_danno": "kjlkjòklajdòsjdaòkjdakd"}}, {"model": "compliance.notificaincidente", "pk": 3, "fields": {"valutazione_rischio": "", "azioni_correttive": "", "azienda": 1, "referente_csirt": 1, "titolo_incidente": "Blocco PC", "data_incidente": "2025-12-03T16:10:18Z", "data_notifica": "2025-12-03T16:10:20Z", "stato": "NOTIFICATA", "descrizione_danno": "dfdsfddf"}}]